"ลำดับ","ชื่อชุดการแสดง","ผลการตัดคำ"
"1","กรุงเทพ","เป็น | การแสดง | ที่ | ได้ | แนวคิด | มาจาก | ชื่อ | เต็ม | เมืองหลวง | ของ | ประเทศไทย | คือ | กรุงเทพมหานคร |   | ที่ | ได้รับ | การ | บันทึก | จาก | กินเนสส์บุ๊ค | ว่า | เป็น | ชื่อ | เมือง | ที่ | มี | ความ | ยาว | ที่สุด | ใน | โลก |   | ความหมาย | โดยรวม |   | หมายถึง | เมือง | อัน | ยิ่งใหญ่ | ที่ | ถูก | สรรค์สร้าง | โดย | เหล่า | เทพ |   | กระบวนท่ารำ | สื่อ | ถึง | การร่ายรำ | ของ | เหล่า | เทวดา | นางฟ้า |   | นอกจากนี้ | ยัง | ผสมผสาน | การ | เชิด | หนังใหญ่ | ที่ | ออกแบบ | วาดภาพ | สถานที่สำคัญ | ของ | กรุงเทพ | ประกอบ | การแสดง"
"2","กีปัสเรนัง","เป็น | การแสดง | ที่ | นำ | แนวคิด | มาจาก | ประเพณี | แห่ | นก | ทาง | ภาคใต้ | ของ | ไทย | โดยเฉพาะ | จังหวัด | ปัตตานี |   | ที่ | มี | ความสวยงาม | ของ | พัดเรนัง |   | ปรากฏ | อยู่ | ใน | ขบวนแห่ | บุหรงซีงอ |   | ซึ่ง | ชาว | มลายู | เชื่อ | กัน | ว่า |   | นอกจาก | พัด | จะ | นำ | ความร่มเย็น | มาสู่ | ตัว | แล้ว | ยัง | สามารถ | ขจัด | ปัดเป่า | ทุกข์ | โศก | โรค | ภัย | ให้ | พ้น | ออกจาก | ตัว |   | เสียง | ของ | พัดเรนัง | ที่ | ดัง | เป็น | เอกลักษณ์ |   | เชื่อ | ว่า | จะ | สามารถ | ขับไล่ | สิ่งชั่วร้าย | ให้ | ออก | ไป |   | ประกอบ | กับ | ลีลา | การ | ใช้ | พัด | ใน | รูปแบบ | ต่างๆ | ที่ | น่าสนใจ"
"3","จตุรภาคี","เป็น | การแสดง | ที่ | นำ | ศิลปะการแสดง | ทั้ง | สี่ภาค | ของ | ประเทศไทย | มา | แสดง | ติดต่อ | อยู่ | ใน | ชุด | เดียวกัน |   | เริ่ม | ด้วย | ฟ้อน | ที่ | เป็น | ศิลปะ | ของ | ภาคเหนือ |   | รำ | เถิดเทิง | ของ | ภาคกลาง |   | ตารีกีปัส | ของ | ภาคใต้ |   | และ | ลำ | เพลิน | ของ | ภาคตะวันออกเฉียงเหนือ |   | นับ | เป็น | การแสดง | ที่ | น่าชม | อย่างยิ่ง"
"4","เจ้าพระยานที","เป็น | การแสดง | ที่ | ได้ | แนวคิด | มาจาก | แม่น้ำ | เจ้าพระยา |   | แม่น้ำ | สาย | หลัก | ที่ | สำคัญ | ของ | ไทย |   | เกิด | จาก | การ | รวมตัว | ของ | แม่น้ำ |   | ปิง |   | วัง |   | ยม |   | น่าน |   | ถือเป็น | สายน้ำ | แห่งชาติ | ที่ | หล่อเลี้ยง | ผู้ | คน | ใน | แผ่นดิน |   | มี | เรื่องราว | วิถีชีวิต | สอง | ริม | ฝั่งน้ำ |   | หล่อหลอม | เป็น | มรดกวัฒนธรรม | ที่ | สืบทอด | มา | ยาวนาน |   | ผ่าน | ประวัติศาสตร์ | และ | ขนบธรรมเนียมประเพณี | จาก | รุ่น | สู่ | รุ่น |   | แผ่อิทธิพล | ความงาม | และ | เรื่องราว | ของ | สายน้ำ | เป็น | ที่ | กล่าวขาน | รู้จัก | นาม |   | แม่น้ำ | เจ้าพระยา |   | สู่ | นานา | ประเทศ |   | ด้วย | ความสำนึก | รัก | ศรัทธา |   | กตัญญู |   | อันเป็น | คุณูปการ | และ | เพื่อ | เชิดชู | สายน้ำ | แห่ง | วัฒนธรรม |   | สายน้ำ | แห่ง | ความงดงาม | ของ | ชาติ"
"5","ชาติพันธุ์สราญ","เป็น | การแสดง | ที่ | สร้างสรรค์ | ขึ้น | จาก | ความสำคัญ | ของ | กลุ่มชาติพันธุ์ | ใน | จังหวัด | นครปฐม | ทั้งหมด |   | 5 |   | กลุ่มชาติพันธุ์ |   | ประกอบด้วย |   | 1 | ) |   | ชาติพันธุ์ | ลาวครั่ง |   | 2 | ) |   | ชาติพันธุ์ | ไทยทรงดำ |   | 3 | ) |   | ชาติพันธุ์ | ลาวเวียง |   | 4 | ) |   | ชาติพันธุ์ | ไทยรามัญ |   | 5 | ) |   | ชาติพันธุ์ | ไทยจีน |   | สู่ | การ | สร้างสรรค์ | นวัตกรรม | ศิลปะการแสดง |   | โดย | การแสดง | สื่อ | ถึง | ความหลากหลาย | ของ | กลุ่มชาติพันธุ์ |   | วัฒนธรรม |   | ประเพณี | และ | วิถีชีวิต | ที่ | หลากหลาย | ของ | กลุ่มชาติพันธุ์ | ใน | จังหวัด | นครปฐม |   | ตลอดจน | ความสุข |   | สนุกสนาน | รื่นเริง | ใน | การหลอมรวม | เป็น | อันหนึ่งอันเดียว | ภายใต้ | ร่มพระบารมี"
"6","ชาวดอย","เป็น | การแสดง | ที่ | มี | แนวคิด | มาจาก | การดำรงชีวิต | ของ | กลุ่มชน | ที่ | อาศัย | อยู่ | ทาง | ภาคเหนือ | ของ | ประเทศไทย |   | มุ่งเน้น | วิถีชีวิต | ที่ | มี | ความเรียบง่าย |   | ผูกพัน | พึ่งพา | ธรรมชาติ |   | ประกอบอาชีพ | เกษตรกรรม |   | รวมทั้ง | มี | การละเล่น | ที่ | สนุกสนาน | ตาม | แบบ | พื้นบ้าน | สืบทอด | จาก | รุ่น | สู่ | รุ่น"
"7","ตะกล้อล้อท่า","เป็น | การแสดง | ที่ | ได้ | แนวคิด | มาจาก | กีฬา | ตะกร้อ |   | ซึ่ง | เป็น | การละเล่น | ของ | ไทย | แต่ | โบราณ |   | โดย | เริ่มต้น | จาก | การ | เล่น | กัน | ใน | หมู่ | ชาวบ้าน | สู่ | การ | เล่น | เป็น | กีฬา | สากล | ระดับชาติ | และ | นานาชาติ |   | ลีลา | และ | กระบวนท่ารำ | สื่อ | ให้ | เห็น | ถึง | แม่ท่า | ใน | กีฬา | ตะกร้อ |   | ประกอบด้วย |   | การ | ใช้ | ศีรษะ |   | ศอก |   | เข่า |   | เท้า |   | ใน | การ | บังคับ | ลูก | ตะกร้อ | ไม่ | ให้ | ตก | พื้น |   | การ | กระโดด | ตีลังกา | ผสมผสาน | ลีลา | ท่าทาง | นาฏศิลป์ไทย"
"8","นบนที","เป็น | การแสดง | ที่ | กล่าวถึง | ประเพณี | ลอยกระทง | ซึ่ง | ถือเป็น | การแสดง | ความเคารพ | และ | ขอขมา | อภัย | ต่อ | พระแม่คงคา |   | อีก | ทั้ง | สิ่งศักดิ์สิทธิ์ | ใน | สายน้ำ | ที่ | สร้าง | คุณประโยชน์ | ต่อ | มนุษย์ | ทุก | ชีวิต |   | ซึ่ง | คนไทย | ได้ | ให้ความสำคัญ | และ | สำนึก | ใน | พระคุณ | ของ | ธรรมชาติ | ที่ | สะท้อน | ผ่าน | ความเชื่อ | และ | ความศรัทธา | จน | กลายเป็น | ประเพณี | ลอยกระทง"
"9","นักษัตร","เป็น | การแสดง | ที่ | ได้ | แนวความคิด | มาจาก | เทพ |   | 12 |   | ปี | นักษัตร | ของ | ไทย | ที่ | มี | ความเชื่อ | ว่า | เป็น | เทพ | ที่ | มี | หน้าที่ | ปกป้อง | คุ้มครอง | มนุษย์ |   | กระบวนท่ารำ | มี | ความงดงาม | ตาม | รูปแบบ | นาฏศิลป์ไทย |   | ผสมผสาน | การเคลื่อนไหว | ร่างกาย | และ | การ | เคลื่อนที่ | บน | เวที | อย่าง | หลากหลาย"
"10","นาฏ ณ วัง","เป็น | การแสดง | ที่ | ได้ | แนวคิด | มาจาก | ความสำคัญ | ของ | พระราชวังบวรสถานมงคล |   | ( | วังหน้า | ) |   | ที่ | ปรากฏ | นาฏกรรม | หลากหลาย | ประเภท |   | ประกอบด้วย |   | โขน |   | ละคร |   | หนังใหญ่ |   | หุ่น |   | งิ้ว |   | แอ่วแคน |   | สู่ | การ | สร้างสรรค์ | งาน | นาฏศิลป์ไทย |   | ผสมผสาน | การ | ออกแบบ | การเคลื่อนไหว | ร่างกาย | และ | การ | ใช้ | พื้นที่ | เวที | ที่ | มี | ความหลากหลาย |   | ถ่ายทอด | ความงาม | แบบ | ราชสำนัก | ที่ | มี | ความวิจิตร |   | ย้อน | รำลึก | คุณูปการ | ของ | บุคคล | และ | สถานที่ | ที่ | มี | ต่อ | การอนุรักษ์ |   | สู่ | ความภาคภูมิใจ | ใน | มรดกวัฒนธรรม | ของ | แผ่นดิน"
"11","นาฏยมวยไทย","เป็น | การแสดง | ที่ | ได้ | แนวคิด | มาจาก | ศิลปะป้องกันตัว |   | มวยโบราณ | ของ | ไทย | ที่ | มี | มา | แต่ | อดีต |   | มา | สร้างสรรค์ | ใน | รูปแบบ | ของ | การแสดง | ที่ | สื่อ | ถึง | ลีลา | ท่า | มวย |   | อันเป็น | ภูมิปัญญา | ของ | บรรพบุรุษ |   | ใช้ | หลัก | ท่า | เต้น | ของ | โขน |   | และ | ท่า | รำ | แบบ | นาฏศิลป์ | ผสมผสาน | กัน | อย่าง | ลงตัว"
"12","ผืนไท","เป็น | การแสดง | ที่ | มี | แนวคิด | มาจาก | ศิลปะการแสดง | ของ | ภูมิภาค | ต่าง ๆ |   | ของ | ไทย | สู่ | การ | สร้างสรรค์ | ผลงาน | บน | พื้นฐาน | ความงดงาม | ของ | นาฏศิลป์ | ไทย | และ | ศิลปะการแสดง | พื้นบ้าน |   | ผสมผสาน | การ | ออกแบบ | การเคลื่อนไหว | ร่างกาย |   | และ | การ | ใช้ | พื้นที่ | เวที | ที่ | มี | ความหลากหลาย |   | อุปกรณ์ | สำคัญ | ใน | การแสดง | คือ |   | ผืน | ผ้า | สื่อ | ถึง | สัญลักษณ์ | ของ | ชาติ | และ | พระมหากษัตริย์ | ไทย |   | ปก | แผ่ | ไพศาล | ให้ | ความ | สุขสงบ | ร่มเย็น | แก่ | อาณาประชาราษฎร์ | ทุก | เชื้อชาติ | ที่ | รวมกัน | เป็น | เอกลักษณ์ |   | ก่อ | ให้ | เกิด | มรดก | ศิลปวัฒนธรรม | อัน | วิจิตร | ภายใต้ | ผืน | ไตรรงค์ | ธงไทย | ที่ | สง่างาม"
"13","พนาธาร","เป็น | การแสดง | สร้างสรรค์ | ที่ | ได้ | แนวคิด | มาจาก | ความสำคัญ |   | ความตระหนัก | รู้ | คุณค่า | ของ | ป่า | และ | น้ำ |   | ที่ | ผูกพัน | กับ | วิถีชีวิต | และ | แผ่นดิน | เกิด |   | การแสดง | ชุด | นี้ | นำ | พื้นฐาน | นาฏศิลป์ไทย | ประกอบ | กับ | การเคลื่อนไหว | ร่างกาย | ที่ | เลียนแบบ | การเคลื่อนไหว | ของ | ธรรมชาติ |   | ทั้ง | ป่า |   | และ | น้ำ"
"14","ฟ้อนขันดอก","เป็น | ศิลปะการแสดง | ภาคเหนือ | ที่ | ถือ | ขันดอก | หรือ | พาน | ประกอบ | การแสดง |   | โดย | ภายใน | พาน | จะ | ใส่ | ดอกไม้ | นานา | ชนิด| ที่ | มีความหมาย | มงคล |   | การแสดง | ประกอบด้วย | กระบวนท่ารำ | ของ | ล้านนา | ผสมผสาน | การ | โปรย | ดอกไม้ | เพื่อ | ความ | เป็น | สิริมงคล"
"15","ฟ้อนลีลาวดี","เป็น | การแสดง | ที่ | ได้ | แรงบันดาลใจ | มาจาก | ต้นลีลาวดี |   | ต้นไม้ | ที่ | มีอายุ | เกือบ |   | 100 |   | ปี |   | มี | ความงดงาม |   | ร่มเย็น |   | และ | มี | ลักษณะพิเศษ | ที่ | น่าสนใจ | แก่ | ผู้พบเห็น | อยู่ | บริเวณ | หน้า | พระอุโบสถ | บวร | สถาน | สุทธาวาส | ( | วัด | พระ | แก้ว | วังหน้า | ) |   | สู่ | แนวคิด | การ | สร้างสรรค์ | ท่า | รำ |   | ให้ | มี | ความงดงาม | ตาม | ท่วงทำนอง | ของ | ดนตรี"
"16","ระบำม้า","เป็น | การแสดง | ที่ | นาง | ล | มุ | ล |   | ยมะ | คุปต์ |   | ผู้เชี่ยวชาญ | การสอน | นาฏศิลป์ | ไทย | คิด | ท่า | รำ | ขึ้น | ประกอบ | ใน | ละคร | เรื่อง | ไชย | เชษฐ์ |   | ตอน | นารายณ์ | ธิเบศร์ | เที่ยว | ป่า |   | ต่อมา | ได้ | นำมา | แสดง | ใน | ละคร | เรื่อง | รถ | เสน |   | ซึ่ง | กล่าวถึง |   | รถ | เสน | ถูก | นาง | ยักษ์ | แปลง | แกล้ง | ใช้ | ให้ | ถือ | สาร | ไป | ยัง | คช | บุรี | เมือง | ยักษ์ |   | ก่อน | ออกเดินทาง | รถ | เสน | ไป | คัดเลือก | จับ | ม้า | ที่ | ดี | ที่สุด |   | เพื่อ | ใช้ | เป็น | พาหนะ | ใน | การเดินทาง"
"17","ระบำอยุธยา","เป็น | ระบำ | ที่ | ประดิษฐ์ | ขึ้น | ใหม่ |   | เมื่อ | ปี |   | พ.ศ. |   | 2529 |   | จาก | ความคิดริเริ่ม |   | ของ | นาย | เสรี หวังในธรรม |   | ผู้เชี่ยวชาญ พิเศษ | ด้าน | สังคีตศิลป์ | และ | ศิลปินแห่งชาติ |   | โดย | มี | วัตถุประสงค์ | ที่จะ | จัด | เป็น | ระบำโบราณคดี | อีก | ชุด | หนึ่ง |   | นาง | เฉลย ศุขะวณิช |   | ผู้เชี่ยวชาญ | การสอน | นาฏศิลป์ไทย | และ | ศิลปินแห่งชาติ |   | เป็น | ผู้ประดิษฐ์ | ลีลา | ท่า | รำ |   | จัดแสดง | เป็น | ครั้งแรก | ใน | งาน | ศิลปหัตถกรรม |   | ประจำปี |   | พ.ศ. |   | 2529"
"18","รับขวัญข้าว","เป็น | การแสดง | ที่ | ได้ | แนวคิด | มาจาก | เรื่องราว | พิธีกรรม | ใน | การ |ทำ | ขวัญข้าว |   | ที่ | สะท้อน | ให้ | เห็น | ถึง | ความกตัญญู | กตเวที | ต่อ | ผู้มีพระคุณ | ด้วย | ความ | เคารพบูชา |   | ความสามัคคี |   | ความมีน้ำใจ |   | ซึ่ง | วัฒนธรรม | เหล่านี้ | เป็นที่ | แพร่หลาย | ใน | อดีต |   | จาก | แนวคิด | ดังกล่าว | นำ | สู่ | รูปแบบ | นาฏศิลป์ | สร้างสรรค์ | เพื่อให้ | ชน | รุ่นหลัง | เห็น | ถึง | ความสำคัญ | ของ | ผืน | แผ่นดิน | ที่ | ให้ | ความสมบูรณ์ |   | ก่อให้เกิด | พืชพรรณ | ธัญญาหาร | หล่อเลี้ยง | ชีวิต | มนุษย์ |   | พระคุณ | ของ |   | “ | ข้าว | ” |   | อาหาร | หลัก | ของ | ชาติ | ไทย |   | ตลอดจน | จารีตประเพณี |   | วัฒนธรรม |   | อัน | แสดง | ให้ | เห็น | ถึง | ภูมิปัญญา | อัน | ทรงคุณค่า | ที่ | ควร | สืบสาน"
"19","ล่องใต้","เป็น | การแสดง | ที่ | ได้ | แนวคิด | มาจาก | ศิลปวัฒนธรรม | และ | วิถีชีวิต | ความเป็นอยู่ | ของ | ประชากร | ทาง | ภาคใต้ | อัน | มี | เอกลักษณ์ | เฉพาะที่ | โดดเด่น |   | นำ | สู่ | การ | สร้างสรรค์ | การแสดง | สื่อ | ถึง | ประเพณี |   | วัฒนธรรม |   | วิถีชีวิต |   | ความเป็นอยู่ |   | การประกอบอาชีพ |   | โดย | การแสดง | สะท้อน | ให้ | เห็น | ถึง | บรรยากาศ | แห่ง | ความสุข |   | ความ | สนุกสนาน | ของ | ดินแดน | ภาคใต้"
"20","ลายเกราะ","เป็น | การแสดง | ที่ | ได้ | แนวคิด | มาจาก |   | เกราะลอ |   | หรือ |   | ขอลอ |   | เครื่องดนตรีพื้นบ้าน | ชนิด | หนึ่ง | ของ | ภาคอีสาน |   | นำเสนอ | ผ่าน | ท่า | รำ | พื้นบ้าน | อีสาน | ที่ | มี | ความงดงาม |   | ผสมผสาน | ลีลา | ใน | การ | ตี | เกราะ | สนุกสนาน |   | เร้าใจ | ด้วย | ท่วงทำนอง | ของ | ดนตรีพื้นบ้าน | อีสาน"
"21","ลีลาหมากแก๊ป","เป็น | การแสดง | ที่ | ได้ | แนวคิด | มาจาก | เครื่อง | ดนตรีพื้นบ้าน | อีสาน | ประเภท | เครื่อง | ตี | ประกอบ | จังหวะ |   | มี | ลักษณะ | เป็น | ไม้สั้น | และ | ไม้ยาว |   | เรียก | ว่า |   | “ | หมากกั๊บแก๊บ | ” |   | นำมา | เป็น | อุปกรณ์ | สำคัญ | ใน | การแสดง |   | ผสมผสาน | วัฒนธรรม | ท้องถิ่น | ด้าน | ดนตรี | และ | นาฏศิลป์พื้นบ้าน | อีสาน |   | เพื่อ | ถ่ายทอด | ถึงชีวิต | ความเป็นอยู่ | ของ | หญิงสาว | ชาวบ้าน | หลัง | เสร็จ | งาน |   | ลักษณะ | การแสดง | มี | ความ | สนุกสนาน |   | สอดแทรก | เอกลักษณ์ | ภูมิปัญญา | วัฒนธรรม |   | อัน | ทรงคุณค่า | ของ | ชาว | อีสาน"
"22","วิรัชสราญรมย์ ","เป็น | การแสดง | ที่ | ได้ | แนวคิด | มาจาก | ค่านิยม | การแต่งกาย | ของ | บุรุษ | และ | สตรี | ใน | สมัย | รัชกาล | ที่ |   | 6 |   | โดย | ได้รับ | อิทธิพล | มาจาก | ชาติ | ตะวันตก |   | นำเสนอ | ท่า | ทางการ | เต้น | และ | รำ | ประกอบ | ท่วงทำนอง | เพลงไทย | และ | เพลงสากล |   | อัน | แสดงให้เห็น | ถึง | การ | ผสมผสาน | ของ | สอง | วัฒนธรรม"
"23","สยามภารตะ ","เป็น | การแสดง | ที่ | ผสมผสาน | ระหว่าง | นาฏศิลป์อินเดีย | และ | นาฏศิลป์ไทย |   | การแสดง | สื่อ | ถึง | เรื่องราว | การ | ถ่ายทอด | อารยธรรม | และ | อิทธิพล | ทางวัฒนธรรม | ของ | อินเดีย | สู่ | ดินแดน | สยาม |   | โดย | ผ่าน | ระยะเวลา | การหลอมรวม |   | ตลอดจน | ผสมผสาน | เป็น | รูปแบบ | นาฏศิลป์ไทย | ที่ | งดงาม |   | ใช้ | กระบวนท่ารำ | การเคลื่อนไหว | แบบ | นาฏศิลป์อินเดีย | ประเภท | โอดิสสี |   | ภารตนาฏยัม |   | สลับ | กับ | ท่า | รำ | ต้นแบบ | จาก | การแสดง | ราชสำนัก | ของ | ไทย"
"24","สักการะเทวราช ","เป็น | การแสดง | ที่ | ได้ | แนวคิด | มาจาก | พระราชพิธี | อินทราภิเษก |   | ใน | สมัย | อยุธยา |   | ซึ่ง | พบ | ว่า | มี | การแสดง | มหรสพ | ใน | ช่วง | ท้าย | ของ | พระราชพิธี |   | สร้างสรรค์ | เครื่องแต่งกาย | และ | เครื่องประดับ | จาก | งานประติมากรรม | และ | เครื่อง | ทรง | พระพุทธรูป | สมัย | อยุธยา |   | สร้างสรรค์ | ท่า | รำ | จาก | ภาพ | ลายเส้น | ตำรา | รำ | ต้น | กรุงรัตนโกสินทร์ |   | ผสมผสาน | ท่า | นาฏศิลป์ไทย | พื้นฐาน |   | รูปแบบ | การแสดง | แสดงถึง | การ | บูชา | และ | เทิดทูน | องค์ | พระมหากษัตริย์ | ดุจดัง | พระอินทร์"
"25","ออเจ้าชาวกรุงศรี ","เป็น | การแสดง | ที่ | ได้ | แนวคิด | มาจาก | สตรี | ใน | ราชสำนัก |   | ที่ | พร้อม | ไป | ด้วย | ความงาม |   | กิริยา | เรียบร้อย |   | การนุ่งห่ม | อาภรณ์ | เครื่องประดับ | ทรงคุณค่า | และ | การดำเนินชีวิต | ด้วย | ความ | สุนทรีย์ | ตาม | รูปแบบ | กุลสตรี |   | ด้วย | เสียงดนตรี | ที่ | ไพเราะ |   | นำ | ย้อน | วันวาน | แห่ง | ความทรงจำ"
"26","ดาบสองมือ","เป็น | ศิลปะ | การต่อสู้ | ป้องกันตัว | ของ | ไทย | แต่ | โบราณ |   | ผู้ใช้ | ดาบ | ต้อง | มี | ความชำนาญ | ใน | การ | ใช้ | ดาบ | ของ | ตน |   | ฟาดฟัน | และ | รับรอง | ป้องกัน | อาวุธ | จาก | ฝ่าย | ศัตรู |   | ด้วย | ความคล่องแคล่ว | ว่องไว"
"27","พลองไม้สั้น","เป็น | ศิลปะ | การต่อสู้ | ชนิด | หนึ่ง | ของ | ไทย | แต่ | โบราณ |   | พลอง | เป็น | อาวุธ | ยาว | ใช้ | สำหรับ | ตี | หรือ | กระทุ้ง |   | ไม้สั้น | เป็น | อาวุธ | สั้น | สวม | ทับ | แขน | ท่อน | ปลาย |   | ผู้ใช้ | ไม้สั้น | ต้อง | มี | ความว่องไว |   | มัก | เป็น | ฝ่าย | รุก | เข้า | ประชิดตัว | คู่ต่อสู้ |   | พลอง | ไม้สั้น | เป็น | การแสดง | การต่อสู้ | แบบ | ตัวต่อตัว |   | แบ่ง | เป็น |   | 2 |   | ฝ่าย |   | นิยม | แบ่ง | เป็น | ฝ่าย | สีแดง | และ | สีน้ำเงิน |   | ผู้แสดง | ต้อง | ผ่าน | การ | ฝึกหัด | ขั้นพื้นฐาน |   | จนถึง | ฝึก | ท่า | ตี | หลัก |   | ประกอบด้วย |   | การ | ตี | รุก |   | การ | ตี | รับ |   | และ | การ | ตี | ลูกไม้ |   | จน | เกิด | ความชำนาญ | สามารถ | จดจำ | กระบวนท่า | ต่อสู้ | ได้ | เป็น | อย่าง | ดี"
"28","มวยคาดเชือก","เป็น | การแสดง | ศิลปะ | การต่อสู้ | มวยไทย | สมัยโบราณ |   | โดย | การ | ใช้ | เชือก | พัน | ที่ | มือ | และ | ช่วง | ปลาย | แขน | ทั้งสอง |   | ศิลปะ | มวยไทย | คือ |   | การ | ผสมผสาน | การ | ใช้ | หมัด |   | เท้า |   | เข่า |   | ศอก |   | มี | แม่ไม้มวย | ทั้ง | ท่า | รุก | และ | ท่า | รับ | สำหรับ | ใช้ | ใน | การต่อสู้ |   | ผู้แสดง | จึง | ต้อง | ผ่าน | การ | ฝึก | เบื้องต้น | ใน | การ | ใช้ | กระบวนท่า | ให้ | คล่องแคล่ว"
"29","ระบำชาวนา","เป็น | การแสดง | ที่ | สะท้อน | ให้ | เห็น | วิถี | การประกอบอาชีพ | กสิกรรม | ของ | ชาวนา |   | ประกอบด้วย |   | การไถ |   | หว่าน |   | และ | การ | เกี่ยวข้าว | ใน | นา | ด้วย | ความสุข | ใช้ | ผู้แสดง | ชาย | และ | หญิง |   | เปรียบเสมือน | เป็น | ชาวนา"
"30","รำเถิดเทิง","เรียก | อีก | อย่างว่า | รำ | กลองยาว |   | เป็น | การแสดง | รำ | หยอกล้อ | ยั่วเย้า | ของ | ฝ่าย | ชาย | และ | ฝ่าย | หญิง |   | โดย | มี | การตีกลอง | ยาว | เป็นจังหวะ |   | ประกอบ | การแสดง | ที่ | สนุกสนาน | รื่นเริง"
"31","รำวงมาตรฐาน","เป็น | การแสดง | ที่ | ปรับปรุง | มาจาก | การ | รำโทน |   | นิยม | เป็น | การละเล่น | รื่นเริง | ประจำ | ฤดูกาล | ของ | ไทย | ภาคกลาง |   | ซึ่ง | กระบวนท่ารำ | จะ | กำหนด | ไป | ตามเพลง |   | รวม | ทั้งสิ้น | 10 |   | เพลง |   | คือ |   | เพลงงามแสงเดือน |   | เพลงชาวไทย |   | เพลงรำซิมารำ |   | เพลงคืนเดือนหงาย |   | เพลงดวงจันทร์วันเพ็ญ |   | เพลงดอกไม้ของชาติ |   | เพลงดวงจันทร์ขวัญฟ้า |   | เพลงหญิงไทยใจงาม |   | เพลงบูชานักรบ |   | และ | เพลงยอดชายใจหาญ"
"32","รำสีนวล","เป็น | ศิลปะการแสดง | ที่ | สวยงาม | ทั้ง | ท่า | รำ | และ | เพลง | ขับร้อง | ที่ | มี | ความไพเราะ |   | ลักษณะ | ท่า | รำ | และ | คำร้อง |   | หมายถึง | อิริยาบถ | ที่ | นุ่มนวล | อ่อนช้อย | ของ | กุลสตรี |   | นิยม | จัดแสดง | ใน | งาน | ทั่วไป"
"33","โนรา","เป็น | ศิลปะการแสดง | ที่ | เก่าแก่ | ของ | ชาวไทย | ภาคใต้ |   | มีแบบแผน | สืบ | ต่อกัน | มา | หลาย | ร้อย | ปี |   | ท่า | รำ | โนรา | บรรยาย | ถึง | ลักษณะ | ท่า | รำ | ของ | กินรี |   | และ | ใช้ | สำหรับ | เป็น | การรำ | บูชาครู |   | เพื่อ | ความ | สวัสดิมงคล |   | ยูเนสโก | ประกาศ | รับรอง | ขึ้นทะเบียน | เป็น | มรดกภูมิปัญญาทางวัฒนธรรม | ที่ | จับต้อง | ไม่ | ได้ | ของ | มนุษยชาติ"
"34","รองเง็ง","เป็น | การละเล่น | ของ | ชาวไทย | ทาง | ภาคใต้ |   | ที่ | ได้รับ | อิทธิพล | ของ | ชาว | ตะวันตก | โดยเฉพาะ | สเปน | และ | โปรตุเกส | ที่ | ติดต่อ | ค้าขาย | กับ | ชาว | มลายู |   | โดย | เผยแพร่ | มา | ทาง | จังหวัด | ชายแดน | ทาง | ตอน | ใต้ | ของ | ไทย |   | ผู้แสดง | ประกอบด้วย | ชาย | หญิง | รำ | เป็น | คู่ | นิยม | แสดง | ใน | งานรื่นเริง | ทั่วไป"
"35","ระบำตารีกีปัส","เป็น | การแสดง | รำพัด | ทาง | ภาคใต้ | ของ | ไทย |   | ผู้แสดง | หญิง | ถือ | พัด | ทั้ง |   | 2 |   | มือ |   | ร่ายรำ | ประกอบ | เพลง | ที่ | บรรเลง | ด้วย | เครื่องดนตรีพื้นเมือง | ภาคใต้ | ผสมผสาน | เครื่องประกอบจังหวะ | และ | เครื่องดนตรีตะวันตก | ที่ | มี | ความไพเราะ"
"36","ระบำตารีบุหงา","เป็น | ภาษามลายู |   | “ | ตารี | ” |   | แปล | ว่า |   | รำ | หรือ | ระบำ |   | “ | บุหงา | ” |   | แปล | ว่า |   | ดอกไม้ |   | ตารีบุหงา |   | จึง | หมายถึง |   | ระบำ | ดอกไม้ |   | ได้ | แนวคิด | มาจาก | ช่อดอกไม้ | ที่ | ใช้ | แทน | ของที่ระลึก | เพื่อ | มอบให้ | แขก | ที่มา | ร่วมใน | งานแต่งงาน |   | ของ | ชาวไทย | มุสลิม |   | ผู้แสดง | สวม | เครื่องแต่งกาย | แบบ | พื้นบ้านภาคใต้ | ถือ | พาน | ดอกไม้ | ประกอบ | กระบวนท่ารำ | ที่ | งดงาม"
"37","ระบำร่อนแร่","เป็น | การแสดง | ทาง | ภาคใต้ | ของ | ไทย |   | มี | ลีลา | ท่า | รำ | ที่ | สื่อ | ความ | หมายถึง | การประกอบอาชีพ | หา | แร่ | จาก | แหล่งน้ำ | ธรรมชาติ | ของ | หญิงสาว |   | เริ่ม | ด้วย | การร่อนแร่ |   | เก็บ | แร่ |   | ประกอบ | จังหวะ | ดนตรี | ที่ | สนุกสนาน | รื่นเริง | ใจ"
"38","กลองสะบัดชัย","เป็น | ศิลปะ | การตีกลอง | ของ | ชาว | ล้านนา | ทาง | ภาคเหนือ | ของ | ไทย |   | มี | ศิลปะ | การ | ตี |   | เพื่อ | สร้าง | ความ | ฮึกเหิม | ก่อน | ออกรบ | ทำสงคราม | กับ | ข้าศึก | ต่อมา | นิยม | ตี | กลอง | ใน | ขบวนแห่ | เกี่ยวกับ | พิธีทางศาสนา |   | ผู้ | ตี | กลองสะบัดชัย | จะ | ตี | ด้วย | ท่าทาง | คล่องแคล่ว | ว่องไว |   | โลดโผน | และ | สนุกสนาน |   | นอกจากนี้ | สามารถ | จัดแสดง | ใน | งาน | ต่าง ๆ |   | เพื่อ | ความ | เป็น | สิริมงคล"
"39","ฟ้อนจันทราพาฝัน","เป็น | ชุด | การ | ฟ้อน | ตาม | ท่วงทำนอง | และ | บทร้อง |   | ที่ | บรรยาย | ถึง | หญิงสาว | ชาวเหนือ | ผู้ | หลงใหล | ใฝ่ฝัน | ใน | ความงาม | ของ | แสงจันทร์ |   | โดย | มี | ลีลา | ท่า | ฟ้อน | อัน | อ่อนช้อย | งดงาม |   | ออกแบบ | ท่า | รำ | โดย | ท่านผู้หญิงแผ้ว สนิทวงศ์เสนี |   | ผู้เชี่ยวชาญ | นาฏศิลป์ไทย | และ | ศิลปินแห่งชาติ |   | ส่วน | บทร้อง | นั้น | ประพันธ์ | ร่วมกับ | นาย | ประพันธ์ สุคนธะชาติ |   | ใน | ทำนอง | เพลงลาวคำหอม"
"40","ฟ้อนเจิง","เป็น | ศิลปะ | การ | ฟ้อน | ของ | ชาว | ล้านนา | ทาง | ภาคเหนือ | ของ | ไทย |   | ที่ | แสดงถึง | ศิลปะ | การต่อสู้ |   | ประกอบ | ลีลา |   | ท่า | ฟ้อน | ที่ | สื่อ | ถึง | การต่อสู้ | ด้วย | มือเปล่า | หรือ | การต่อสู้ | ด้วย | อาวุธ |   | เช่น |   | หอก |   | ดาบ"
"41","ฟ้อนดวงเดือน","เป็น | การแสดง | ที่ | มี | ลักษณะ | การเกี้ยวพาราสี | ของ | ชายหนุ่ม | หญิงสาว |   | เพลง | ที่ | ใช้ | เป็น | เพลงอัตราจังหวะสองชั้น |   | สำเนียง | ลาว |   | ทรง | พระนิพนธ์ | คำร้อง | และ | ทำนอง | โดย | พระเจ้าบรมวงศ์เธอกรมหมื่นพิชัยมหินทโรดม"
"42","ฟ้อนที","ที |   | หมายถึง |   | ร่ม |   | เป็น | ภาษา |   | “ | ไต | ” |   | นำมาใช้ | เป็น | อุปกรณ์ | ประกอบ | ท่า | ฟ้อน | ผสม | กับ | ท่า | รำ | ของ | ชาว | ไต |   | จังหวัด | แม่ฮ่องสอน | ใน | ภาคเหนือ | ของ | ไทย |   | ลีลา | ท่า | รำ | เน้น | ศิลปะ | การ | ใช้ | ร่ม | ใน | ลักษณะ | ต่าง ๆ |   | ที่ | งดงาม |   | ตาม | ท่วงทำนอง | ดนตรีพื้นบ้าน | ภาคเหนือ"
"43","ฟ้อนเทียน","เป็นการ | ฟ้อน | แบบ | หนึ่ง | ทาง | ภาคเหนือ | ของ | ประเทศไทย |   | ผู้ | ฟ้อน | เป็น | หญิงสาว | ถือ | เทียน | จุดไฟ | ข้าง | ละ | หนึ่ง | เล่ม |   | ร่ายรำ | ไป | ตาม | ทำนองเพลง |   | นิยม | แสดง | ใน | เวลา | กลางคืน |   | เพื่อให้ | เห็น | การเคลื่อนไหว | ของ | เปลว | เทียน | ได้ | ชัดเจน"
"44","ฟ้อนผาง","เป็น | การแสดง | นาฏศิลป์ | พื้นบ้าน | ของ | ชาว | ล้านนา | ทาง | ภาคเหนือ | ของ | ไทย |   | ผู้แสดง | ออกมา | ร่ายรำ | พร้อม | ถือ | ภาชนะดินเผา | จุดไฟ | เรียก | ว่า | ผางประทีป | ทั้งสอง | มือ |   | นิยม | จัดแสดง | ใน | งาน | ประเพณี | สำคัญ | ของ | ชาว | ล้านนา | มา | แต่ | ครั้ง | โบราณ"
"45","ฟ้อนมาลัย","เป็น | เพลง | เก่า | ของ | ราชสำนัก | เชียงใหม่ |   | เจ้าดารารัศมี | พระชายา | ใน | พระบาทสมเด็จพระจุลจอมเกล้าเจ้าอยู่หัว |   | ได้ | ทรง | นำมาใช้ | ใน | ละคร | เรื่อง |   | “ | น้อยใจยา | ” |   | เมื่อ | กรมศิลปากร | แสดง | ละครพันทาง | เรื่อง |   | “ | พญาผานอง | ” |   | ณ |   | โรงละครแห่งชาติ |   | เมื่อ |   | พ.ศ. |   | 2501 |   | อาจารย์ | มนตรี ตราโมท |   | ได้ | นำ | ทำนอง | เพลงฟ้อนดวงดอกไม้ | มา | ใช้ | เป็น | เพลง | ฟ้อน | ของ | นาง | ข้าหลวง | ของ | นางพญาคำปิน |   | โดย | ได้ | แต่ง | บทร้อง | ขึ้น | มา | ใหม่ |   | และ | ท่านผู้หญิงแผ้ว สนิทวงศ์เสนี |   | ประดิษฐ์ | ท่า | รำ | ฟ้อน | ชุด | นี้ | ออก | เพลงซุ้ม | ซึ่ง | เป็น | เพลงสำเนียงลาว | ชั้นเดียว"
"46","ฟ้อนรัก","เป็น | การแสดง | ชุด | หนึ่ง | ใน | ละครพันทาง | เรื่อง | พระลอ |   | ตอน |   | พระลอ | ลง | สวน |   | พระนิพนธ์ | ของ | พระเจ้าบรมวงศ์เธอกรมพระนราธิปประพันธ์พงศ์ |   | ที่ | ทรง | ปรับปรุง | ขึ้น | จาก | วรรณคดี | ลิลิตพระลอ |   | บทร้อง | และ | ลีลา | ท่า | รำ | แสดงถึง | ความรัก | ของ | นายแก้ว | นายขวัญ | สอง | พระพี่เลี้ยง | ของ | พระลอ | กษัตริย์ | แห่ง | แมนสรวง |   | กับ | นางรื่น | นางโรย | พระพี่เลี้ยง | ของ | พระเพื่อน | พระแพง |   | พระราชธิดา | ของ | ท้าวพิชัยพิษณุกร | แห่ง | เมือง | สรอง"
"47","ฟ้อนเล็บ","เป็น | ศิลปะ | การ | ฟ้อน | ของ | ทาง | ภาคเหนือ | ของ | ไทย |   | นิยม | จัดแสดง | ใน | การ | ต้อนรับแขก | ผู้มาเยือน | ให้ | เกิด | ความประทับใจ | ผู้แสดง | สวม | เล็บ | สีทอง | ร่ายรำ | ตาม | รูปแบบ | การ | ฟ้อน | ประกอบ | บทร้อง | และ | ทำนองเพลง"
"48","ฟ้อนสาวไหม","เป็น | ศิลปะ | การ | ฟ้อน | ของ | ทาง | ภาคเหนือ |   | มี | ลีลา | ท่า | รำ | สื่อ | ความ | หมายถึง | กรรมวิธี | การทอ | ผ้าไหม |   | เริ่ม | ด้วย | ขั้นตอน | การ | ปลูก | ต้น | หม่อน |   | เก็บ | ฝ้าย |   | สาว | ไหม |   | และ | ทอผ้า |   | มี | รูปแบบ | การฟ้อนรำ | ตาม | ทำนองเพลง | ใน | จังหวะ | ช้า |   | ใช้ | เครื่อง | ดนตรีพื้นบ้าน | ภาคเหนือ |   | เช่น |   | สะล้อ |   | ซอ |   | ซึง"
"49","ระบำเก็บใบชา","เป็น | การแสดง | ทาง | ภาคเหนือ | มี | ลีลา | ท่า | รำ | ที่ | สื่อ | ความ | หมายถึง | กรรมวิธี | การเก็บใบชา | ของ | ชาวเขา |   | เริ่ม | ตั้งแต่ | ช่วง | เช้า | ออกเดินทาง | ไป | เก็บ | ใบชา | ที่ | ปลูก | อยู่ | ตาม | ไหล่เขา |   | ต่อจากนั้น | นำมา | เลือก | ใบ | และ | ผึ่งแดด |   | มี | การละเล่น | ที่ | สนุกสนาน | รื่นเริง | ขณะ | รอ | ใบชา | แห้ง |   | ช่วง | เย็น | จึง | เก็บ | ใบชา | และ | เดินทาง | กลับบ้าน |   | ผู้แสดง | ชาย | หญิง | แต่งกาย | แบบ | ชาวพื้นเมือง | ภาคเหนือ | ของ | ไทย"
"50","กระทบสากหรือกระทบไม้","เป็น | การละเล่นพื้นเมือง | ของ | ชาว | จังหวัด | สุรินทร์ | ภาคอีสาน | ของ | ไทย |   | เดิม | เรียก | ว่า |   | “ | เต้นสาก | ” |   | ด้วย | นิสัย | รักสนุก | ของ | ชาวไทย | เมื่อ | เสร็จ | กิจวัตร | จาก | การ | ทำนา |   | จึง | นำ | สากตำข้าว | มา | กระทบ | กัน |   | เป็น | เครื่องประกอบจังหวะ | พร้อมกับ | มี | การละเล่น | ให้ | เข้ากับ | จังหวะ |   | เป็น | การแสดง | ที่ | สนุกสนาน | ระหว่าง | ชาย | หญิง | เกี้ยวพาราสี | กัน |   | สื่อ | ให้ | เห็น | ความงาม | ของ | พระจันทร์ | ยามค่ำคืน |   | ทำให้เกิด | ความเพลิดเพลิน | ใจ |   | ชาย | หญิง | จึง | ชวน | กัน | มา | เชื่อม | ความสัมพันธ์ | ด้วย | การ | เล่น | กระทบไม้"
"51","เซิ้งกระติบข้าว","เป็น | การแสดงพื้นเมือง | ของ | ชาวภูไท |   | นิยม | แสดง | กัน | ใน | โอกาส | รื่นเริง | วัน | นักขัตฤกษ์ |   | การแสดง | สื่อ | ถึง | หญิงสาว | นำ | อาหาร | ไป | ให้ | แก่ | บุคคล | อันเป็น | ที่รัก |   | ความสวยงาม | ของ | กระบวนท่ารำ | อยู่ | ที่ | กิริยาท่าทาง | การ | เดิน | ของ | หญิงสาว | ทั้ง | แบบ | ช้า | แล้ว | เร่งรีบ |   | การดีด | ข้าวเหนียว |   | การปั้น | ข้าวเหนียว"
"52","เซิ้งตังหวาย","เป็น | ศิลปะการแสดง | ที่ | ปรากฏ | ใน | วัฒนธรรม | สอง | ฝั่ง | แม่น้ำโขง | ระหว่าง | ไทย | และ | ลาว |   | โดย | เริ่มต้น | จาก | การขับ | ลำนำ | ประกอบ | ดนตรี |   | ต่อ | ด้วย | การฟ้อนรำ | ประกอบ | ทำนอง | ลำตังหวาย |   | เป็นที่นิยม | นำมา | ขับลำ | เพื่อ | ความบันเทิง | สอง | ฝั่ง | แม่น้ำโขง |   | และ | มี | การ | นำมา | สร้างสรรค์ | การขับร้อง | ประกอบ | การแสดง | อยู่ | เสมอ"
"53","เซิ้งไทภูเขา","ไทภูเขา |   | คือ |   | ชาวไทย | กลุ่ม | หนึ่ง | อาศัย | อยู่ | ตาม | แถบ | เทือกเขาภูพาน | การแสดง | ชุด | นี้ | สื่อ | ถึง | วิถีชีวิต | ของ | ชาวภูไท |   | ใน | การเดินทาง | ขึ้น | ภูเขา | เพื่อ | หา | วัตถุดิบ | มา | ประกอบอาหาร |   | เช่น |   | การ | ขุด | หน่อไม้ |   | เก็บ | ใบ | ย่านาง |   | เก็บ | เห็ด |   | ตัด | หวาย |   | เก็บ | ผัก |   | เมื่อ | เสร็จ | กิจกรรม | ก็ | กราบ | คารวะ | ขอขมา | ผีภู | หรือ | เจ้าที่เจ้าทาง | บน | ภูเขา"
"54","เซิ้งโปงลาง","เป็น | การแสดง | ของ | ชายหนุ่ม | หญิงสาว |   | หลัง | เสร็จสิ้น | ภาร | กิจการงาน | ก็ | จะ | มา | ร่วม | พบปะ | สังสรรค์ | รื่นเริง | และ | เกี้ยวพาราสี | กัน | เป็นที่ | สนุกสนาน | ใช้ | ผู้แสดง | ชาย | หญิง |   | มี | โปงลาง | เป็น | เครื่องดนตรี | หลัก | ใน | การ | ดำเนิน | ทำนอง"
"55","เซิ้งสวิง","เป็น | การแสดงพื้นเมือง | ของ | ภาคตะวันออกเฉียงเหนือ | ที่ | เกี่ยวกับ | อาชีพ | จับ | สัตว์น้ำ |   | มี | สวิง | เป็น | เครื่องมือ | ที่ | นำมา | ประกอบการ | เซิ้ง | เข้ากับ | ทำนอง | ดนตรี | ที่ | มี | จังหวะ | รุก | เร้า | สนุกสนาน |   | ใช้ | ผู้แสดง | ชาย | หญิง |   | ท่า | รำ | เลียนแบบ | ท่า | ทางธรรมชาติ | ใน | การออกไป | ประกอบอาชีพ | จับ | ปลา |   | ความสวยงาม | ของ | กระบวนท่ารำ | อยู่ | ที่ | ขั้นตอน | ใน | การจับปลา | ประดิษฐ์ | ให้ | มี | ความ | สนุกสนาน |   | หยอกล้อ | กัน | ระหว่าง | ชาย | หญิง"
"56","ฟ้อนภูไท","เป็น | การร่ายรำ | ของ | ชาวภูไท |   | ซึ่ง | มี | เชื้อ | สายสืบ | ต่อกัน | มา | ใน | ดินแดน | ลุ่ม | แม่น้ำโขง | และ | เทือกเขาภูพาน |   | อัน | ประกอบด้วย | จังหวัด | นครพนม |   | สกลนคร |   | กาฬสินธุ์ |   | มุกดาหาร |   | นิยม | ฟ้อน | ใน | โอกาส | รื่นเริง | ของ | วัน | นักขัตฤกษ์ |   | โดย | ผู้ | ฟ้อน | สวม | เล็บ | ที่ | ประดิษฐ์ | ขึ้น |   | ส่วน | ปลาย | ติด | พู่ | สีแดง |   | ก่อให้เกิด | ความสวยงาม | เมื่อ | เคลื่อนไหว | มือ"
"57","ฟ้อนภูไท 3 เผ่า","เป็น | การแสดง | ลีลา | การฟ้อนรำ | ของ | ชาวภูไท | ที่ | อาศัย |   | อยู่ | บน | เทือกเขาภูพาน |   | 3 |   | จังหวัด |   | คือ |   | กาฬสินธุ์ |   | สกลนคร |   | และ | นครพนม | ใช้ | ผู้แสดง | ชาย | หญิง |   | ประกอบด้วย | การแสดง | ฟ้อน | มวยโบราณ | ต่อสู้ | การแสดง | เชิงมวย |   | และ | การเกี้ยวพาราสี | ของ | ชาย | หญิง |   | ต่อมา | ใช้ | ผู้แสดง | หญิง | เท่านั้น"
"58","ฟ้อนหมากกั๊บแก๊บลำเพลิน","เป็น | การแสดง | ที่รวม | นาฏศิลป์พื้นบ้าน | สอง | ประเภท | เข้าด้วยกัน |   | คือ |   | หมากกั๊บแก๊บ |   | และ | ลำเพลิน |   | หมากกั๊บแก๊บ | คือ | เครื่องดนตรี | ประกอบ | จังหวะ | ของ | ภาคอีสาน |   | มี | สอง | ชนิด | คือ | ไม้สั้น |   | พื้นผิว | เรียบ | และ | ไม้ยาว | พื้นผิว | มี | ร่อง | ฟันปลา |   | เพื่อ | ขูด | กัน | ทำให้เกิด | เสียง |   | สามารถ | เล่น | ได้ | ทุก | โอกาส | ที่ | มี | การบรรเลง | ดนตรีพื้นบ้าน |   | ลำเพลิน | คือ | การขับร้อง | อีก | ประเภท | หนึ่ง | ของ | ชาว | อีสาน | เมื่อ | นำ | ทั้ง |   | 2 |   | ประเภท |   | มา | รวมกัน | จึง | เกิด | เป็น | การแสดง | นาฏศิลป์พื้นบ้าน | ของ | ชาว | อีสาน | ที่ | มี | ความ | สนุกสนาน |   | หยอกล้อ | กัน | ระหว่าง | ชาย | หญิง"
"59","กราววีรชัยยักษ์ ","เป็น | การแสดง | ของ | เสนา | ยักษ์ |   | กระบวนท่า | ทางการ | เต้น | ตาม | แบบ | การแสดง | โขน |   | ลีลา | ท่า | รำ | แสดงให้เห็น | พละกำลัง |   | ความพร้อมเพรียง |   | และ | ความสง่างาม |   | โดย | นำ | ท่าทาง | มาจาก | กระบวนการ | จัดทัพ | ตรวจ | พล |   | ของ | กองทัพ | ยักษ์ | ฝ่าย | ลงกา | จาก | เรื่อง | รามเกียรติ์"
"60","การแสดงโขนเรื่องรามเกียรติ์ ชุดยกรบ ","กล่าวถึง | การ | ทำสงคราม | ระหว่าง | กองทัพ | ฝ่าย | พระราม | และ | ฝ่าย | ทศกัณฐ์ |   | แสดงถึง | กระบวน | การรบ | ระหว่าง | พระราม |   | พระลักษมณ์ |   | พร้อมด้วย | ไพร่ | พลวานร | กับ | ทศกัณฐ์ | เจ้า | กรุงลงกา |   | แสดงให้เห็น | ชั้นเชิง | และ | ลีลา | การรบ | ด้วย | อาวุธ |   | การ | ต่อตัว | ของ | ตัวละคร | หรือ | ที่ | เรียก | ว่า |   | “ | การขึ้นลอย | ”"
"61","การแสดงโขนเรื่องรามเกียรติ์ ตอน  จองถนน","หลังจากที่ | พระราม | ได้ | นำ | พลวานร | จาก | เมืองขีดขิน |   | และ | เมืองชมพู |   | ยกทัพ | มา | ตั้งอยู่ | ตรงข้าม | กับ | เกาะ | กรุงลงกา |   | พระราม | จึง | ปรึกษา | หา | วิธี | ที่จะ | ข้าม | ไป | ยัง | กรุงลงกา |   | ข้า | ทหาร | ทั้งหลาย | ต่าง | ทูล | อาสา | ต่าง ๆ |   | กัน | ไป |   | เช่น |   | เหาะ | ข้าม | ทะเล | ไป | ถึง | กรุงลงกา |   | โน้ม | พระเมรุ | บรรพต | ใช้ | เป็น | ทาง |   | วิดน้ำ | ใน | ทะเล | ให้ | แห้ง | ข้าม | ไป |   | ให้ | ลิง | ขยาย | ร่าง | ใหญ่โต | นำ | ไพร่ | พลลิง | ใส่ | มือ | ข้าม | ไป |   | นิมิต | เป็น | สำเภา | ใหญ่ | ใช้ | ข้าม | ไป |   | หรือ | เอา | หาง | พาด | เชื่อม | สอง | ฝั่ง | ให้ | ไพร่ | พลลิง |   | ไต่ | ข้าม | ไป |   | ชามพูวราช | กราบทูล | พระราม | ว่าการ | จะ | ทำ | สิ่ง | เหล่านั้น | ไม่ | สม | พระ | เกียรติยศ | สมควร | ให้ | ไพร่ | พลลิง | ไป | ขน | หิน | มา | ทิ้ง | ลง | ทะเล |   | หรือ |   | “ | จองถนน | ” |   | ข้าม | ไป | ยัง | กรุงลงกา"
"62","การแสดงโขนเรื่องรามเกียรติ์ ตอน  นารายณ์ปราบนนทก","นนทก | เป็น | ยักษ์ | ที่นั่ง | ประจำ | อยู่ | เชิงบันได | เขาไกลลาศ |   | มี | หน้าที่ | ล้าง | เท้า | ให้ | เหล่า | เทวดา | ที่มา | เข้าเฝ้า | พระอิศวร |   | แต่ | ถูก | รังแก | อยู่ | เป็นประจำ |   | นนทก | เข้าเฝ้า | พระอิศวร | แล้ว | กราบทูล | ขอ | นิ้วเพชร | ที่ | มีฤทธิ์ | ชี้ | ผู้ใด | ก็ | ให้ | ผู้ | นั้น | ตาย |   | พระอิศวร | เห็นว่า | นนทก | ปฏิบัติหน้าที่ | รับใช้ | พระองค์ | มา | นาน |   | จึง | ประทาน | พร | ให้ | ตามที่ | ขอ |   | ไม่ | นาน | นัก | นนทก | ก็ | มีใจ | กำเริบ | ไม่ | ปฏิบัติหน้าที่ |   | พระอิศวร | ทรง | ทราบ | ก็ | กริ้ว | โปรด | ให้ | พระนารายณ์ | ไป | ปราบ | นนทก"
"63","การแสดงโขนเรื่องรามเกียรติ์ ตอน  ศึกแสงอาทิตย์","แสงอาทิตย์ | ตัวละคร | ฝ่าย | ลงกา |   | เป็น | โอรส | องค์ | ที่สอง | ของ | พญาขร |   | เป็น | อนุชา | ของ | มังกรกัณฐ์ |   | มี | อาวุธ | เป็น | แว่นแก้วสุรกานต์ | ที่ | พระพรหม | ประทาน | ให้ |   | หาก | ใช้ | ส่อง | ไป | ที่ | ใคร | จะ | ทำให้ | ผู้ | นั้น | ถึง | แก่ | ความตาย |   | ทศกัณฐ์ | สั่ง | ให้ | แสงอาทิตย์ | ยกทัพ | ออก | ไป | รบ | กับ | พระราม |   | พิเภก | ทูล | พระราม | ว่า | แสงอาทิตย์ | มี | แว่นแก้วสุรกานต์ | เป็น | อาวุธ | ฝาก | ไว้ | ที่ | พระพรหม |   | กองทัพ | พระราม | จึง | วาง | อุบาย | เพื่อ | ชิง | แว่นแก้วสุรกานต์"
"64","การแสดงโขนเรื่องรามเกียรติ์ ตอน  หนุมานชาญสมร",""" | หนุมาน | "" |   | ทหารเอก | ของ | พระราม |   | ถ่ายทอด | เรื่องราว | ของ | หนุมาน | ตั้งแต่ | การ | เตรียม | การให้กำเนิด | หนุมาน |   | พระอิศวร | มี | บัญชา | ให้ | พระพาย | เป็น | บิดา |   | นำ | เทพ | ศาสตรา | และ | พละกำลัง | ของ | พระองค์ | ไป | ซัด | ใส่ | ปาก | นางสวาหะ |   | ให้ | บังเกิด | บุตร | เป็น | วานร | และ | ประทาน | นาม | ว่า |   | “ | หนุมาน | ” |   | นาง | สวาหะ | ได้ | บอก | กับ | หนุมาน | ว่า | หาก | มี | ผู้ใด | แลเห็น | และ | มา | ทักทาย | ถึง | กุณฑล |   | ขนเพชร |   | เขี้ยวแก้ว | ที่ | มี | ประ | จำกาย |   | ผู้ | นั้น | คือ | องค์ | พระนารายณ์ | อวตาร | ให้ | เข้า | สวามิภักดิ์ | ฝากตัว | เป็น | ข้า | รับใช้ | จนถึง | ถวาย | พล | กับ | พระราม |   | และ | ร่วม | กองทัพ | ฝ่าย | พลับพลา | ยกทัพ | ไป | กรุงลงกา"
"65","การแสดงโขนเรื่องรามเกียรติ์ ตอน กุมภกรรณพุ่งหอกโมกขศักดิ์","กุมภกรรณ |   | เป็น | อนุชา | ของ | ทศกัณฐ์ |   | ดำรงตำแหน่ง |   | อุปราช | แห่ง | กรุงลงกา |   | กุมภกรรณ | เป็น | พญา | ยักษ์ | ที่ | ครอง | ธรรม | รักษา | ไว้ | ซึ่ง | สัจจะ | และ | ความ | สุจริต | ยุติธรรม |   | หลังจากที่ | มัยราพณ์ |   | พระ | นัดดา | สิ้นชีพ | ลง |   | ทศกัณฐ์ |   | ได้ | รำพึง | ถึง | การศึก | ที่จะ | ทำสงคราม | กับ | ฝ่าย | พระราม |   | ทศกัณฐ์ | นึกถึง | กุมภกรรณ |   | จึง | เชิญ | ขึ้น | มา | เฝ้า | ปรึกษา | ศึก |   | กุมภกรรณ | ทูล | ให้ | ทศกัณฐ์ | ส่ง | นาง | สีดา | คืน | ไป |   | แต่ | ทศกัณฐ์ | กริ้ว | จึง | ประกาศ | โทษ | และ | ขับไล่ | กุมภกรรณ | เห็นว่า |   | เมื่อ | ทัดทาน | มิ | เป็นผล | จึง | จำใจ | รับอาสา | ออก | ทำสงคราม |   | โดย | จะ | นำ | หอกโมกขศักดิ์ | อัน | มีฤทธิ์ | ร้ายกาจ |   | ซึ่ง | ฝาก | ไว้ | กับ | พระพรหม | สู้ | ศึก | กับ | พระราม"
"66","การแสดงโขนเรื่องรามเกียรติ์ ตอน ขับพิเภก","คืนหนึ่ง | ทศกัณฐ์ | ฝัน | ว่า | มี | พญา | แร้ง | ขน | สี | ขาว | บิน | มาจาก | ทิศตะวันออก |   | ร่อน | มา | ที่ | หน้า | พระลาน | วัง | ทศกัณฐ์ | ตี | กัน | กับ | แร้ง | ดำ | ที่ | มาจาก | ทาง | ทิศตะวันตก |   | แร้ง | ดำ | ปราชัย | กลายร่าง | เป็น | ยักษ์ |   | มี | กะลา | น้ำมันยาง |   | มี | ไส้กะลา | วาง | เหนือ | มือ | ทศกัณฐ์ |   | มี | หญิง | นาง | หนึ่ง | วิ่ง | มา | จุด | ไส้กะลา |   | ไฟไหม้ | ติดมือ |   | พิษ | ร้อนแรง | ไป | ทั่ว | ร่าง |   | เมื่อ | ตื่นขึ้น | จึง | เรียก | พิเภก | มา | ทำนาย |   | พิเภก | ทำนาย | ฝัน | ว่า |   | กะลา | คือ | กรุงลงกา |   | ไส้กะลา | คือ | ทศกัณฐ์ |   | น้ำมันยาง | คือ | พระญาติ | วงศ์ | ทั้งหลาย |   | เพลิง | คือ | นาง | สีดา |   | หญิง | ที่ | วิ่ง | มา | จุดไฟ | คือ | นาง | สำมนักขา |   | แร้ง | เผือก | คือ | พระราม |   | แร้ง | ดำ | คือ | ทศกัณฐ์ |   | การศึก | ครั้งนี้ | ร้ายแรง | นัก |   | ทศกัณฐ์ | โกรธ | มาก | ให้ | พิเภก | สะเดาะเคราะห์ |   | แต่ | พิเภก | บอกว่า | สะเดาะ | ไม่ | ได้ | ทำ | ให้ร้าย | กลายเป็น | ดี |   | หน | ทางเดียว | คือ | คืน | นาง | สีดา | ให้ | แก่ | พระราม |   | ทศกัณฐ์ | โกรธ | พิเภก | มาก | ถึงขนาด | ตัด | พี่ | ตัด | น้อง |   | ยึด | เมีย | คือ | นาง | ตรีชฎา | ไป | เป็น | ทาส | รับใช้ | นาง | สีดา |   | ยึด | สมบัติ | ทั้งหมด | แล้ว | ขับ | ไล่ออก | ไป | จาก | เมือง"
"67","การแสดงโขนเรื่องรามเกียรติ์ ตอน นางลอย","พิเภก |   | ทำนาย | ฝัน | ว่า |   | ทศกัณฐ์ |   | จะ | แพ้ | สงคราม | และ | ถูก | ฆ่า | ตาย |   | ควรจะ | สะเดาะเคราะห์ | โดย | คืน | นาง | สีดา | ไป | ให้ | แก่ | พระราม |   | แต่ | ทศกัณฐ์ | โกรธ | จึง | ขับ | พิเภก | ออก | ไป | จาก | กรุงลงกา |   | เมื่อ | พิเภก | ออกจาก | กรุงลงกา | แล้ว |   | จึง | ไป | อยู่ | ด้วย | กับ | กองทัพ | พระราม |   | ทศกัณฐ์ | คิด | หาทาง | ยุติ | ศึก | ชิง | ตัวนาง | สีดา | กับ | พระราม |   | โดย | คิด | ว่า |   | ถ้าหาก | พระราม | เห็นว่า | นาง | สีดา | ตาย | ไป | แล้ว |   | พระราม | คงจะ | ยกทัพ | กลับ | ไป | เอง |   | จึง | ให้ | นาง | เบญกาย | แปลง | เป็น | นาง | สีดา |   | จำแลง | กาย | เป็น | ศพ | ลอย | ตาม | แม่น้ำ | ไป | ที่ | หน้า | พลับพลา | ของ | พระราม"
"68","การแสดงโขนเรื่องรามเกียรติ์ ตอน พระคเณศเสียงา  ","ปรศุราม | เป็น | อวตาร | ของ | พระนารายณ์ |   | ได้ | ยืม | ขวาน | จาก | พระอิศวร | ไป | ทำลาย | เหล่า | กษัตริย์ |   | เมื่อ | เสร็จ | ภารกิจ | จะ | เข้าเฝ้า | ที่ | เขาไกรลาส |   | ระหว่าง | นั้น | บริเวณ | พระตำหนัก | ชั้นใน | พระศิวะ | เทพ | กำลัง | สนทนา | อยู่ | กับ | นาง | ปารวตี | พระคเณศ |   | ไม่ | ยอมให้ | ปรศุราม | เข้าพบ |   | ปรศุราม | โมโห |   | เลย | ใช้ | ขวาน | ของ | พระศิวะ | ขว้าง | ไป | ยัง | พระคเณศ |   | พระองค์ | จำใจต้อง | ใช้ | งา | ข้าง | ซ้าย | รับ | ขวาน | นั้น |   | ด้วยเหตุที่ | ท่าน | ทรง | มี | ความกตัญญู | เป็น | อย่างยิ่ง | ใน | ตัวพระ | บิดา |   | แม้ | จะ | ต่อสู้ | กัน | ไป | ก็ | อาจ | ทำได้ |   | แต่ | การ | ทำลาย | ฤทธิ์เดช | ของ | อาวุธ | ของ | บิดา | ตนเอง | นั้น | ไม่ | ใช่ | ทาง | ที่ | ได้ประโยชน์ | แก่ | ฝ่าย | ใด | จึง | ยอม | สละ | งา | เพื่อ | รักษา | อาวุธ | ของ | พระอิศวร | ด้วย | ความกตัญญู"
"69","การแสดงโขนเรื่องรามเกียรติ์ ตอน พระรามตามกวาง","กวางทอง | คือ | มารีศ | พระยา | ยักษ์ |   | เป็น | ลูก | ของ | นาง | กากนาสูร |   | ซึ่ง | รับ | พระราชบัญชา | ของ | ทศกัณฐ์ | แปลงกาย | เป็น | กวางทอง | มา | ล่อหลอก | ให้ | นาง | สีดา | อยากได้ | กวางทอง |   | พระราม | จึง | เสด็จ | ตาม | กวางทอง | ไป | ใน | ป่า | ตาม | กลอุบาย | ของ | ทศกัณฐ์"
"70","การแสดงโขนเรื่องรามเกียรติ์ ตอน พาลีสอนน้อง  ","พาลี | ผู้ครองนคร | ขีดขิน |   | เมื่อ | ใกล้ | จะ | ตาย | ได้ | เรียก | สุครีพ | ผู้ | เป็น | อนุชา | มา | สั่งสอน | ให้ | รับใช้ | พระราม | ด้วย | ความจงรักภักดี |   | พาลี | ได้ | สอน | หลักปฏิบัติ | ใน | การ | รับราชการ | ว่า |   | พระมหากษัตริย์ | ทรง | เป็น | สมมุติเทพ | ผู้ | ที่จะ | เข้า | รับใช้ | จึง | ต้อง | เจียมตน |   | จึง | สอน | สุครีพ | เกี่ยวกับ | หลักราชการ | เป็น | อเนก | ประการ"
"71","การแสดงโขนเรื่องรามเกียรติ์ ตอน ลักสีดา","ทศกัณฐ์ | หลงใหล | ใน | ความงาม | ของ | นาง | สีดา |   | จาก | การ | ฟัง | คำบอกเล่า | ของ | นาง | สำมนักขา |   | จึง | สั่ง | ให้ | มารีศ | จำกาย | เป็น | กวางทอง | ไป | ล่อหลอก | นาง | สีดา |   | เมื่อ | นาง | สีดา | เห็น | กวางทอง | ก็ | ขอให้ | พระราม | ไป | ตาม | จับ |   | พระราม | พบ | ว่า | มารีศ | เป็น | ยักษ์ | แปลง | เป็น | กวาง | จึง | ยิง | ด้วย | ศร |   | ก่อน | ตาย | มารีศ | แกล้งทำ | เสียง | เป็น | พระราม | ร้อง | ขอความช่วยเหลือ | นาง | สีดา | ได้ยิน |   | จึง | ให้ | พระลักษมณ์ | ตาม | ไป | ช่วย |   | ทศกัณฐ์ | แปลง | เป็น | ฤาษี | แดง | เข้าไป | ลัก | ตัวนาง | สีดา | กลับ | เข้า | กรุงลงกา"
"72","การแสดงโขนเรื่องรามเกียรติ์ ตอน ศึกพรหมาสตร์","สอง | สารัณ | ยักษ์ | ได้ | กราบทูล | ทศกัณฐ์ |   | เรื่อง | ที่ | มังกรกัณฐ์ | และ | แสงอาทิตย์ | ผู้ | เป็น | หลาน |   | ถูก | ฝ่าย | พระราม | สังหาร | สิ้นชีวิต |   | ทศกัณฐ์ | จึง | ใช้ | กาลสูร | ให้ | ไป | แจ้ง | ข่าว | ศึก | แก่ | อินทรชิต |   | กาลสูร | รีบ | ไป | ตาม | พระ | บัญชา |   | ขณะนั้น | อินทรชิต | กำลัง | ทำพิธี | ชุบ | ศรพรหมาสตร์ | จึง | กริ้ว | โกรธ | ที่ | กาลสูร | มา | ทูล | เรื่อง | ร้าย | ให้ | เป็น | ลาง | กลาง | พิธี |   | แต่ | ก็ | ไม่ | อาจ | ขัด | รับสั่ง | ได้ | จำต้อง | ออกจาก | พิธี |   | แล้ว | สั่ง | ให้ | รุทการ | เตรียม | จัด | กองทัพ |   | โดย | ตนเอง | แปลงตัว | เป็น | พระอินทร์ | ให้ | การุณราช | แปลงกาย | เป็น | ช้างเอราวัณ |   | และ | ไพร่พล | แปลง | ตน | เป็น | เทวดา | นางฟ้า |   | หมาย | จะ | ล่อลวง | ฝ่าย | พระราม | ให้ | หลงกล"
"73","การแสดงโขนเรื่องรามเกียรติ์ ตอน ศึกวิรุญจำบัง","เป็น | โอรส | ของ | พญาทูษณ์ |   | กษัตริย์ | เมือง | จารึก | องค์ | ที่หนึ่ง |   | โอรส | องค์ | ที่ | ห้า | ของ | ท้าวลัสเตียน | กับ | นาง | รัชฎา |   | น้องชาย | ร่วม | บิดา | มารดา | ของ | ทศกัณฐ์ |   | วิรุณจำบัง | มี | ม้า | ทรง | คู่ใจ | ตัว | ดำ | ปาก | แดง | ชื่อ | นิลพาหุ |   | ซึ่ง | สามารถ | หายตัว | ได้ | ทั้ง | ตน | และ | ม้า |   | วิรุณจำบัง | รับอาสา | ทศกัณฐ์ | ยกทัพ | ไป | ทำสงคราม | กับ | พระราม | และ | พลวานร |   | ซึ่ง | กำลัง | มุ่งหน้า | มา | ที่ | กรุงลงกา | เพื่อ | ทวง | นาง | สีดา | คืน |   | โดย | ไป | สมทบ | กับ | ทัพ | ของ | ท้าวสัทธาสูร |   | เจ้าเมือง | อัสดง |   | สหาย | อีก | ตน | ของ | ทศกัณฐ์"
"74","การแสดงโขนเรื่องรามเกียรติ์ ตอน ศึกวิรุญมุข  ","วิรุญมุข | เป็น | โอรส | วิรุญจำบัง |   | ขณะที่ | อินทรชิต | ทำพิธี | ชุบ | ศรนาคบาศ | ที่ | เขาอังกาศ |   | ทศกัณฐ์ | ให้ | มังกรกัณฐ์ | 
 | มา | ขัดตาทัพ | แต่ | ถูก | ฆ่า | ตาย |   | จึง | ให้ | วิรุญมุข | ไป | ขัดตาทัพ | อีกครั้ง |   | วิรุญมุข | นอกจาก | สามารถ | เหาะ | เหิน | เดินอากาศ |   | ได้ | แล้ว | ยัง | หายตัว | พราง | กาย | ได้ | เป็น | เยี่ยม |   | เมื่อ | ชามพูวราช | รับอาสา | พระราม | ไป | ทำลาย | พิธี | อินทรชิต |   | โดย | แปลงร่าง | เป็น | หมี | ไป | กัด | ไม้ | โรง | พิธี | จน | หัก | พัง | อินทรชิต | จึง | ชุบ | ศร | ไม่ | สำเร็จ | ก็ | กลับ | มายัง | สมรภูมิ | รบ | ร่วมกับ | วิรุญมุข |   | วิรุญมุข | ได้ | ใช้ | วิชา | หายตัว | ฆ่า | พลลิง | ตาย | เป็น | จำนวนมาก |   | พิเภก | จึง | ทูล | พระลักษมณ์ | ว่า | เหตุ | ที่ | ลิง | ตาย | เพราะ | วิรุญมุข | หายตัว | ฆ่า | พลลิง |   | พระลักษมณ์ | จึง | แผลงศร | เป็น | ข่ายเหล็ก | รัดตัว | วิรุญมุข | แล้ว | บัญชา | ให้ | หนุมาน | สัก | หน้า | วิรุญมุข | ก่อน | ปล่อยตัว | ไป"
"75","การแสดงโขนเรื่องรามเกียรติ์ ตอน ศึกสัทธาสูร  ","ทศกัณฐ์ | ให้ | สัทธาสูร | และ | วิรุญจำบัง | ลูก | พระยาทูษณ์ | ไป | รบ |   | หนุมาน | ออกอุบาย | ให้การ | ขอ | อาวุธ | จาก | เทวดา | ของ | สัทธาสูร | ไม่ | เป็นผล |   | สัทธาสูร | ถูก | หนุมาน | ฆ่า | ตาย |   | ส่วน | วิรุญจำบัง | สู้ | ไม่ | ได้ |   | จึง | ทำ | อุบาย | เพื่อ | จะ | หนี | ได้ | เอา | ผ้า | มา | ทำเป็น | พยนต์ | ขี่ม้า | มา | ต่อสู้ | แทน |   | ส่วน | ตน | จะ | หลบหนี | ไป |   | ต่อมา | พระราม | รู้ | ว่า | วิรุญจำบัง | ที่ | รบ | อยู่ | ไม่ | ใช่ | ตัวจริง |   | ก็ | แผลง | ศรพาลจันทร์ | เป็น | ข่ายเพชร | ล้อม | ผ้า | พยนต์ |   | แล้ว | ให้ | หนุมาน | ตาม | ไป | ฆ่า |   | พบ | นาง | วานรินทร์ |   | นาง | บอกทาง | ให้ | หนุมาน | เหาะ | ไป | สุด | เขาสัตภัณฑ์ | พบ | ฟองน้ำ | ใหญ่ | จึง | จับ | ไว้ |   | วิรุญจำบัง | กลายเป็น | รูป | เดิม | เข้า | ต่อสู้ | แต่ | แพ้ | ได้ | แหวก | น้ำ | ไป | อยู่ | ใต้ | ดินดาล |   | หนุมาน | ตาม | จน | พบ | จับ | วิรุญจำบัง | ฟาด | กับ | ภูเขา | จนตาย"
"76","การแสดงโขนเรื่องรามเกียรติ์ ตอน สามจับ","กุมภกรรณ | ออกอุบาย | ลวง | สุครีพ | ไป | ถอน | ต้นรัง | เพื่อ | หวัง | ทอน | กำลัง | สุครีพ |   | บอกว่า | ถ้า | สุครีพ | ถอน | ต้นรัง | ได้ |   | ตน | จะ | ยอม | ถอยทัพ |   | สุครีพ | ไป | ถอน | ต้นรัง | จน | หมดแรง | กลับมา | สู้ | กุมภกรรณ | ไม่ | ได้ |   | หนุมาน | กับ | องคต | ต้อง | มา | ช่วย | สุครีพ | ต่อสู้ | กับ | กุมภกรรณ |   | ถึง | เอาชนะ | ได้"
"77","การแสดงโขนเรื่องรามเกียรติ์ ตอน สุครีพถอนต้นรัง  ","กุมภกรรณ | อนุชา | ของ | ทศกัณฐ์ |   | จำต้อง | ยอม | ออกศึก | ตามคำสั่ง | ของ | ทศกัณฐ์ | ผู้ | เป็น | เชษฐา |   | เมื่อ | ยกทัพ | มา | พบ | สุครีพ |   | นาย | ทัพหน้า | ฝ่าย | พลับพลา |   | กุมภกรรณ | ออกอุบาย | ลวง | สุครีพ | ไป | ถอน | ต้นรัง | เพื่อ | หวัง | ทอน | กำลัง | สุครีพ |   | โดย | บอกว่า | ถ้า | ถอน | ได้ | ตน | จะ | ยอม | ถอยทัพ |   | สุครีพ | ก็ | ไป | ถอน | ต้นรัง |   | ตาม | คำ | ท้า | จน | เหนื่อย | จุก | หมดแรง |   | กลับมา | สู้ | กุมภกรรณ | ไม่ | ได้ |   | หนุมาน | กับ | องคต | ต้อง | มา | ช่วย | รุมทึ้ง | กุมภกรรณ | ถึง | เอาชนะ | ได้"
"78","กินนรีร่อนออกมโนราห์บูชายัญ","ระบำ | กินรี | ร่อน |   | เป็น | การแสดง | ชุด | หนึ่ง | ใน | การแสดง | ละครชาตรี | เรื่อง |   | มโนราห์ |   | ลักษณะ | กระบวนท่ารำ | แสดงถึง | อากัปกิริยา | ของ | นางกินรี | พี่น้อง | ทั้ง |   | 7 |   | นาง |   | ที่ | ชักชวน | กัน | บิน | ร่อน | ลง | เล่นน้ำ | ที่ | สระอโนดาต"
"79","เมขลา รามสูร ","เมขลา |   | รามสูร |   | เป็น | ตัวละคร | ที่ | ปรากฏ | ใน | ตำนาน | เทพนิยาย | ของ | ไทย | มา | แต่ | โบราณ | แสดง | ลีลา | การ | ไล่ติดตาม | ระหว่าง | รามสูร | กับ | นาง | เมขลา |   | จาก | มูลเหตุ | ที่ | นาง | เมขลา | เทพธิดา | ที่ | คอย | ช่วยเหลือ | ผู้ | คนใน | ท้องทะเล |   | เดินทาง | ออกจาก | วิมาน | ไป | ร่วม | ร่ายรำ | กับ | เหล่า | เทวดา | นางฟ้า | ใน | ช่วง | วสันตฤดู |   | ( | ฤดูฝน | ) |   | พร้อม | โยน | ดวงแก้ว | ประ | จำกาย | ให้ | เกิด | แสง | อย่าง | งดงาม |   | ขณะเดียวกัน | รามสูร | ซึ่ง | เป็น | อสูร | เทพบุตร | ได้ | เหาะ | มา | พบ | และ | เห็น | แสง | จาก | ดวงแก้ว |   | จึง | ไล่ติดตาม | เพื่อ | ช่วงชิง | ดวงแก้ว | มา | เป็น | ของ | ตน"
"80","รจนาเสี่ยงพวงมาลัย","เป็น | การแสดง | ที่ | มี | ลักษณะพิเศษ | ตอน | หนึ่ง |   | ใน | บทละคร | เรื่อง | สังข์ทอง |   | ซึ่ง | มี | พระสังข์ | เป็น | พระเอก |   | และ | รจนา | เป็น | นางเอก |   | ใน | ตอน | รจนา | เสี่ยง | พวงมาลัย | นี้ | มี | ชื่อเรื่อง | ว่า |   | พระสังข์ |   | ซึ่ง | ตัวจริง | รูปร่าง | สวยงาม |   | ผิว | เป็น | ทอง | ทั้งตัว |   | แต่ | แกล้ง | ปลอม | แปลงตัว | โดย | เอา | รูป | เงาะ | เข้า | สวมใส่ | แล้ว | แกล้งทำ | เป็นบ้า | ใบ้ |   | พระสังข์ | ใน | ตอนนี้ | จึง | ถูก | เรียก | ตาม | รูปนอก | ว่า |   | “ | เจ้าเงาะ | ” |   | แล้ว | ถูก | พา | มา | ให้ | เจ้า | รจนา |   | ซึ่ง | เป็น | เจ้าหญิง | เลือกคู่ |   | เนื่องจาก | เป็น | บุปเพสันนิวาส |   | นาง | รจนา | จึง | มองเห็น | รูปทอง | ข้างใน | ของ | เจ้าเงาะ |   | แล้ว | ทิ้ง | พวงมาลัย | ให้ | เพื่อ | เลือก | พระสังข์ |   | คือ | เจ้าเงาะ | ปลอม |   | เป็น | สวามี"
"81","ระบำกรับ ","เป็น | ระบำ | ที่ | ใช้ | กรับพวง | ประกอบ | การแสดง |   | ซึ่ง |   | "" | กรับพวง | "" |   | เป็น | เครื่อง | ดนตรีไทย | ชนิด | หนึ่ง |   | โดย | ผู้แสดง | ใช้ | มือขวา |   | ถือ | กรับพวง |   | ตี | กระทบ | ส่วน | ต่าง ๆ |   | ของ | ร่างกาย |   | เช่น |   | ฝ่ามือ |   | ไหล่ |   | ต้นขา |   | เป็นต้น |   | ร่ายรำ | ตาม | ท่วงทำนอง | และ | จังหวะ | ของ | เพลง | ที่ | มี | ทั้ง | ช้า | และ | เร็ว"
"82","ระบำกฤดาภินิหาร","เป็น | การแสดง | ชุด | หนึ่ง | ที่อยู่ | ใน | ละคร | ประวัติศาสตร์ |   | เรื่อง | เกียรติศักดิ์ไทย |   | โดย | ผู้แสดง | แต่งกายยืนเครื่องพระ-นาง |   | เปรียบเสมือน | เทพบุตร | เทพธิดา |   | ถือ | พาน | ดอกไม้ | ประกอบ | การร่ายรำ | พร้อม | โปรย | ดอกไม้ | เพื่อ | อำนวยพร | ให้ | เกิด | ความ | สวัสดิมงคล | แก่ | การแสดง | และ | ผู้ชม | โดย | ทั่วกัน |   | นอกจากนี้ | สามารถ | จัดแสดง | ใน | งาน | ต่างๆ | เพื่อ | ความ | เป็น | สิริมงคล"
"83","ระบำกินรีร่อน","กล่าวถึง | เหล่า | กินรี | ที่ | มี | ลักษณะ | เป็น | มนุษย์ | ผู้หญิง |   | ซึ่ง | มี | ปีก | หาง | ประดุจ | นก |   | พา | กัน | บิน | ร่อน | ลง | มาจาก | เขาไกรลาส | เพื่อ | เล่นน้ำ | ใน | สระอโนดาต |   | มี | ลีลา | การ | เริงระบำ | อ่อนช้อย | งดงาม |   | สนุกสนาน |   | ตาม | ท่วงทำนอง | และ | จังหวะ | เพลง"
"84","ระบำฉิ่ง","เป็น | ระบำ | ที่ | ใช้ | ฉิ่ง | ประกอบ | การแสดง |   | ซึ่ง |   | "" | ฉิ่ง | "" |   | เป็น | เครื่อง | ดนตรีไทย | ที่ | ใช้ | กำกับ | จังหวะ | ใน | วง | ดนตรีไทย | ทุก | ประเภท |   | โดย | ผู้แสดง | ใช้ | มือ | ทั้งสอง | ถือ | ฉิ่ง |   | ร่ายรำ | พร้อมกับ | ตี | กระทบ | ให้ | เกิด | เสียง |   | "" | ฉิ่ง | "" |   | "" | ฉับ | "" |   | และ |   | "" | รัวฉิ่ง | "" |   | อย่าง | ต่อเนื่อง |   | ตาม | ท่วงทำนอง |   | จังหวะ | ของ | เพลง | ที่ | ประกอบด้วย | จังหวะ | ช้า | และ | จังหวะ | เร็ว"
"85","ระบำชุดไทยพระราชนิยม ","สร้างสรรค์ | ขึ้น | โดย | นำ | เครื่องแต่งกาย | สำหรับ | สตรี | ไทย | ตาม | แบบ | ฉลองพระองค์ | ของ | สมเด็จพระนางเจ้าสิริกิติ์ พระบรมราชินีนาถ |   | พระบรมราชชนนีพับปีหลวง |   | ประกอบด้วย |   | ไทยเรือนต้น |   | ไทยจิตรลดา |   | ไทยอมรินทร์ |   | ไทยบรมพิมาน |   | ไทยจักรี |   | ไทยดุสิต |   | ไทยจักรพรรดิ์ |   | และ | ไทยศิวาลัย |   | ประดิษฐ์ | ลีลา | ท่า | รำ | ตาม | บทร้อง | เพื่อ | การอนุรักษ์ | และ | เผยแพร่ | เครื่องแต่งกาย | สตรี | ไทย"
"86","ระบำดาวดึงส์ ","เป็น | ระบำมาตรฐาน | ที่อยู่ | ใน | ละครดึกดำบรรพ์ |   | เรื่อง | สังข์ทอง |   | ผู้แสดง | แต่งกายยืนเครื่องพระ-นาง |   | เปรียบเสมือน | เทพบุตร |   | เทพธิดา |   | จับระบำ | ด้วย | ลีลา | ท่า | รำ | ที่ | งดงาม |   | บรรยาย | ถึง | ทิพยวิมาน | อัน | ยิ่งใหญ่ |   | ซึ่ง | เป็นที่ | ประทับ | ของ | พระอินทร์ | บน | สวรรค์ | ชั้น | ดาวดึงส์"
"87","ระบำเทพบันเทิง ","เป็น | ระบำมาตรฐาน | ที่อยู่ | ใน | ละครใน | เรื่อง | อิเหนา |   | ผู้แสดง | แต่งกายยืนเครื่องพระ-นาง |   | เปรียบเสมือน | เทพบุตร |   | เทพธิดา |   | ร่ายรำ | ด้วย | ลีลา | ท่า | รำ | ที่ | งดงาม | เพื่อ | บูชา | ชา | ถวาย | เทพ | ผู้ | ศักดิ์สิทธิ์ |   | คือ |   | "" | องค์ปะตาระกาหลา | "" |   | นอกจากนี้ |   | สามารถ | จัดแสดง | ใน | งาน | ต่างๆ |   | เพื่อ | ความ | เป็น | สิริมงคล"
"88","ระบำนพรัตน์","เป็น | ระบำ | ที่ | สร้างสรรค์ | จาก | ความเชื่อ | ใน | คุณค่า | ของ | อัญมณี |   | ที่ | เสริม | ความ | เป็น | สิริมงคล | แก่ | ผู้ | ประดับ |   | โดย | ผู้แสดง | เปรียบเสมือน | อัญมณี |   | 9 |   | ชนิด |   | ประกอบด้วย |   | เพชร |   | ทับทิม |   | มรกต |   | บุษราคัม |   | โกเมน |   | นิล |   | มุก |   | เพทาย |   | และ | ไพฑูรย์"
"89","ระบำพรมมาสตร์","เป็น | ระบำ | ของ | เหล่า | เทวดา | นางฟ้า |   | สำหรับ | แสดง | ประกอบ | การแสดง | โขน |   | เรื่อง | รามเกียรติ์ |   | ชุด | ศึก | พรหมาสตร์ |   | เนื้อเรื่อง | กล่าวถึง | อินทรชิต | โอรส | ของ | ทศกัณฐ์ |   | กำลัง | ทำสงคราม | ติดพัน | อยู่ | กับ | พระลักษมณ์ |   | จึง | ใช้ | กลยุทธ | ลวง | พระลักษมณ์ | และ | กองทัพ | วานร |   | โดย | อินทรชิต | ได้ | แปลงกาย | เป็น | พระอินทร์ |   | และ | ให้ | การุณราช | แปลงตัว | เป็น | ช้างเอราวัณ |   | ซึ่ง | เป็น | พาหนะ | ทรง | ของ | ตน |   | อีก | ทั้ง | ให้ | บรรดา | พล | ยักษ์ | นักรบ | ใน | กองทัพ | แปลงกาย | เป็น | เทพบุตร |   | และ | นางฟ้า |   | พา | กัน | เหาะ | ฟ้อนรำ |   | นำ | ขบวน | ไป | หน้า | ช้าง |   | เพื่อ | ลวง | พระลักษมณ์ |   | และ | กองทัพ | วานร |   | ว่า | ขบวน | เสด็จ | ของ | พระอินทร์ | กำลัง | เสด็จ | ผ่าน | มา | ใน | กลางอากาศ"
"90","ระบำย่องหงิด","เป็น | ระบำ | ที่อยู่ | ใน | ละครใน | เรื่อง | อุณรุท |   | ตอน | ศุภลักษณ์ | วาดรูป | ซึ่ง | มี | เนื้อเรื่อง | กล่าวถึง |   | นาง | ศุภลักษณ์ | พี่เลี้ยง | ของ | นาง | อุษา | ได้ | ขอ | อาสา | ขึ้นไป | วาดรูป | เทพบุตร | บน | สวรรค์ |   | ขณะที่ | นาง | ศุภลักษณ์ | ขึ้นไป | บน | สวรรค์ | นั้น |   | ได้ | พบ | กับ | เหล่า | เทพบุตร | เทพธิดา | จับระบำ | กัน | ด้วย | ความรื่นเริง |   | บันเทิงใจ |   | ระบำ | ย่องหงิด |   | เป็น | ระบำ | ที่ | มี | กระบวนท่ารำ | ที่ | งดงาม | และ | มี | การแปร | แถว | ที่ | สอด | ประสานกัน | ได้ | อย่าง | กลมกลืน | ตาม | รูปแบบ | นาฏศิลป์ไทย | ท่วงท่า | ต่าง ๆ |   | มี | ลีลา | งดงาม | ตาม | คำร้อง |   | และ | ทำนองเพลง | ลักษณะ | การแสดง | เป็น | การรำ | เป็น | หมู่ | คู่ | กัน | ระหว่าง | เทวดา | และ | นางฟ้า"
"91","ระบำวิชนี","สร้างสรรค์ | ขึ้น | ด้วย | แนวคิด | ความนิยม | ใน | การ | ใช้ | พัด |   | เพื่อ | บรรเทา | ความร้อน | จาก | สภาพอากาศ | ของ | ประเทศไทย |   | ผู้แสดง | เป็น | หญิงสาว | แต่งกาย | ชุด | นางใน | ราชสำนัก |   | มือขวา | ถือ | พัด |   | "" | วิชนี | "" |   | ร่ายรำ | ตาม | ทำนองเพลง | และ | บทร้อง"
"92","ระบำศรีชยสิงห์","เป็น | ระบำ | ที่ | สร้างสรรค์ | ท่า | รำ | และ | เครื่องแต่งกาย | เลียนแบบ | ภาพจำหลัก | ของ | นางอัปสราบายน |   | บริเวณ | ปราสาทเมืองสิงห์ |   | ริมแม่น้ำ | แควน้อย |   | จังหวัด | กาญจนบุรี |   | ปรากฏ | ใน | จารึก | ปราสาทพระขรรค์ |   | สมัย | พระเจ้าชัยวรมัน | ที่ |   | 7 |   | ว่า | ดินแดน | แถบ | นี้ | มีวัฒนธรรม | ดั้งเดิม | ผสมผสาน | ระหว่าง |   | มอญ |   | ขอม |   | และ | ไทย"
"93","รำซัดชาตรี","เป็น | การแสดง | ที่ | ปรับปรุง | มาจาก | การ | รำซัด | ไหว้ครู | ใน | การแสดง | ละครชาตรี |   | เป็น | รูปแบบ | การรำ | เบิกโรง | ก่อน | การแสดง | ละครใน | ลักษณะ | การ | รำคู่ |   | ประกอบด้วย | ผู้แสดงฝ่ายชาย | และ | ผู้แสดงฝ่ายหญิง | แสดง | ลีลา | ท่า | รำ | รวดเร็ว | ตาม | ท่วงทำนอง | ดนตรี"
"94","รำเบิกโรงดอกไม้เงินทอง","เป็น | ระบำ | เบิกโรง | ละครใน | พระบาทสมเด็จพระจอมเกล้าเจ้าอยู่หัว | โปรด | ให้ | ประดิษฐ์ | ขึ้น | ใหม่ | โดย | ใช้ | ผู้แสดง | สอง | คน | แต่งกายยืนเครื่องพระ |   | มือขวา | ถือ | ดอกไม้ทอง | ส่วน | มือซ้าย | ถือ | ดอกไม้เงิน |   | ร่ายรำ | ตาม | บทร้อง | และ | ทำนองเพลง |   | มุ่ง | ให้ | เกิด | ความ | สวัสดิมงคล | แก่ | การแสดง |   | และ | ผู้ชม | โดย | ทั่วกัน"
"95","รำประเลง","เป็น | การรำ | เบิกโรง | ละครใน |   | อัน | มี | มา | แต่ | โบราณ | โดย | ถือ | กัน | ว่า |   | เป็น | ประเพณี | ที่ | ต้อง | แสดง | ก่อน | เริ่ม | การแสดง | เรื่องใหญ่ |   | ใช้ | ผู้แสดง | แต่งกายยืนเครื่องพระ | และ | สวม | หัว | เทวดา | โล้น |   | ปิดหน้า |   | 2 |   | คน |   | สมมติ | ว่า | เป็น | เทวดา | ถือ | หางนกยูง | ทั้งสอง | มือ |   | ออกมา | รำ | ตาม | ทำนอง | เพลงหน้าพาทย์ |   | ซึ่ง | อาจ | ใช้ | เพลงกลม | หรือ | โคมเวียน |   | แล้ว | ออก | ด้วย | เพลงชำนาญ |   | อันเป็น | เพลง | ประกอบ | อิริยาบถ | ไปมา | ของ | ผู้ | มี | อิทธิฤทธิ์ | ศักดิ์สิทธิ์ |   | เพื่อให้ | เกิด | สวัสดิมงคล | และ | ปัด | รังควาญ |   | ป้องกัน | เสนียดจัญไร |   | ที่จะ | เป็น | อุปสรรค | แก่ | การแสดง | ต่อไป"
"96","รำฝรั่งคู่","เป็น | การแสดง | รำคู่ | ชุด | หนึ่ง |   | ผู้แสดง | ร่ายรำ | ด้วย | ลีลา | ประกอบ | ทำนอง | เพลงฝรั่งรำเท้า |   | ตะเขิ่ง |   | เจ้าเซ็น |   | เพลงเร็ว |   | เพลงฉิ่ง |   | จีนรัว |   | จีนรำพัด | และ | จีนถอน | แต่งกายยืนเครื่องพระ-นาง |   | มือ | ทั้งสอง | ถือ | พัด | ประกอบ | การร่ายรำ |   | ใน | ช่วง | ท้าย | ของ | การแสดง"
"97","รำพลายชุมพล","การรำ | พลายชุมพล | แต่งตัว | เป็นการ | รำเดี่ยว | ที่อยู่ | ใน | ละครเสภา |   | เรื่อง | ขุนช้าง | ขุนแผน |   | ตอน | พระไวย | แตกทัพ |   | ใน | ตอนนี้ | ได้ | กล่าวถึง | พลายชุมพล |   | จะ | ออก | ไป | ทำศึก | กับ | พระไวย |   | โดย | ปลอมตัว | เป็น | มอญ | ไป | ออกรบ | กับ | พระไวย |   | เพื่อ | หวัง | คิด | แก้แค้น | ที่ | พระไวย | เคย | มี | วาจา | ล่วงเกิน | ตน |   | ใช้ | ทำนอง | เพลงมอญดูดาว | ประกอบ | ถึง | เนื้อเรื่อง | บรรยาย | ถึง | การ | แต่งตัว | แสดงให้เห็น | ถึง | ความ | องอาจ | สง่างาม | ของ | ตัวละคร | พลายชุมพล"
"98","รำมโนห์ราบูชายัญ","เป็น | การแสดง | รำเดี่ยว |   | กล่าวถึง | นาง | มโนห์รา |   | มนุษย์ | ผู้หญิง | ที่ | มี | ปีก | หาง | ประดุจ | นก |   | การแสดง | มุ่งเน้น | ลีลา | การร่ายรำ | รอบ | กองไฟ |   | ใน | พิธี | บูชายัญ | ก่อน | บินหนี | กลับ | ไป | ยัง | เขาไกรลาส"
"99","รำแม่บท","เป็น | รำมาตรฐาน | ใช้ | สำหรับ | การ | ฝึกหัด | เบื้องต้น | ด้าน | นาฏศิลป์ | ไทย |   | บทร้อง | กำหนด | ชื่อ | ท่า | รำ | ไว้ | อย่าง | ชัดเจน |   | แต่งกายยืนเครื่องพระ-นาง |   | รำ | แม่บท | นี้ | เป็นต้นแบบ | ใน | การ | สร้าง | กระบวนท่ารำ | ใน | การแสดง | ชุด | ต่าง ๆ"
"100","หนุมานจับนางเบญกาย ","หนุมาน | จับนาง | เบญกาย |   | เป็น | การแสดง | ชุด | หนึ่ง | อยู่ | ใน | การแสดง | โขน | เรื่อง | รามเกียรติ์ |   | แสดงถึง | ลีลา | ร่ายรำ | ใน | การ | ไล่ติดตาม | และ | เกี้ยวพาราสี | ระหว่าง | หนุมาน | ซึ่ง | เป็น | วานร | กับ | นาง | เบญกาย | ซึ่ง | เป็น | ยักษิณี |   | จาก | มูลเหตุ | ที่ | นาง | เบญกาย | ได้รับ | คำสั่ง | จาก | ทศกัณฐ์ | ให้ | ปลอม | เป็น | นาง | สีดา | แสร้ง | ตาย | ลอยน้ำ | เป็น | อุบาย | ให้ | พระราม | ยกทัพ | กลับ | ไป |   | แต่ | ถูก | พิสูจน์ | เพื่อ | หา | ตัวตน | แท้จริง | โดย | การนำ | ไป | เผา | ไฟ |   | เมื่อ | นาง | ทน | ต่อ | ความร้อน | ไม่ | ได้ | จึง | คืน | ร่าง | กลับ | ดังเดิม |   | แล้ว | พยายาม | เหาะ | หลบหนี |   | แต่ | หนุมาน | ไล่ตาม | จับ | ไว้ | ได้"
"101","หนุมานจับนางสุพรรณมัจฉา","หนุมาน | จับนาง | สุพรรณมัจฉา |   | เป็น | การแสดง | ชุด | หนึ่ง | อยู่ | ใน | การแสดง | โขน | เรื่อง | รามเกียรติ์ |   | กระบวนท่ารำ | สื่อ | ถึง | การ | ไล่จับ |   | และ | การเกี้ยวพาราสี | ของ | ตัวละคร | ระหว่าง | หนุมาน | ซึ่ง | เป็น | วานร | กับ | นาง | สุพรรณมัจฉา | ซึ่ง | เป็น | ผู้หญิง | ที่ | มี | หาง | เป็น | ปลา |   | จาก | มูลเหตุ | ที่ | นาง | สุพรรณมัจฉา | พา | เหล่า | บริวาร | ปลา | มา | คาบ | ก้อนหิน | เพื่อ | ขัดขวาง | มิ | ให้ | กองทัพ | ของ | พระราม | ทำ | ถนน | ข้าม | มหาสมุทร |   | เพื่อ | เดินทาง | ไป | ช่วย | นาง | สีดา | ที่ | กรุงลงกา"
"102","ระบำเซียงแสน","เป็น | ระบำโบราณคดี | ที่ | สร้างสรรค์ | ท่า | รำ | จาก | ภาพจิตรกรรมฝาผนัง | และ | ลาย | ปูนปั้น | ยุค | อาณาจักร | เชียงแสน |   | ประมาณ | พุทธศตวรรษ | ที่ |   | 16 |   | - |   | 23 |   | ที่ | ปรากฏ | ใน | โบราณสถาน |   | ลีลา | ท่า | รำ | และ | เสียงดนตรี | ภาคเหนือ | และ | ภาคตะวันออกเฉียงเหนือ"
"103","ระบำทวารวดี ","เป็น | ระบำโบราณคดี | ที่ | สร้างสรรค์ | ท่า | รำ | จาก | โบราณวัตถุ | ภาพ | จิตรกรรม | และ | ประติมากรรม |   | ใน | สมัยทวารวดี | ประมาณ | พุทธศตวรรษ | ที่ |   | 12 |   | - |   | 16 |   | ลีลา | ท่า | รำ | และ | เสียงดนตรี |   | ตลอดจน | เครื่องแต่งกาย | มี | แบบอย่าง | จาก | เชื้อชาติ | มอญ |   | อันเป็น | ชน | เผ่า | ดั้งเดิม | ใน | ดินแดน | ทวารวดี"
"104","ระบำลพบุรี","เป็น | ระบำโบราณคดี | ที่ | สร้างสรรค์ | ท่า | รำ | เลียนแบบ | ประติมากรรม | และ | ภาพจำหลัก | สมัยลพบุรี |   | ที่ | ปรากฏ | บน | ทับหลัง | และ | หน้าบัน | ของ | ปราสาทหินพิมาย |   | จังหวัด | นครราชสีมา |   | และ | ปราสาทพนมรุ้ง |   | จังหวัด | บุรีรัมย์ |   | อันเป็น | ศิลปะ | แบบ | ขอม | ระหว่าง | พุทธศตวรรษ | ที่ |   | 12 |   | - |   | 13 |   | ดังนั้น |   | วัฒนธรรม | จาก | ดินแดน | ใน | ยุค | นี้ |   | จึง | ส่งผล | ต่อ | การ | สร้างสรรค์ | ท่า | รำ |   | ดนตรี |   | และ | เครื่องแต่งกาย"
"105","ระบำศรีวิชัย","เป็น | ระบำโบราณคดี | ที่ | สร้างสรรค์ | ท่า | รำ | จาก | หลักฐาน | ศิลปกรรม | และ | โบราณวัตถุ | สมัยศรีวิชัย |   | มี | อาณาจักร | ตั้งอยู่ | บน | แหลมมลายู |   | บริเวณ | จังหวัด | ชุมพร |   | ปัตตานี |   | นครศรีธรรมราช | และ | หมู่เกาะ | อินโดนีเซีย |   | ราว | พุทธศตวรรษ | ที่ |   | 13 | - | 18 |   | ดังนั้น |   | วัฒนธรรม | จาก | ดินแดน | ใน | ยุค | นี้ |   | จึง | ส่งผล | ต่อ | การ | สร้างสรรค์ | ท่า | รำ |   | ดนตรี |   | และ | เครื่องแต่งกาย"
"106","ระบำสุโขทัย","เป็น | ระบำโบราณคดี | ที่ | สร้างสรรค์ | ท่า | รำ | จาก | ประติมากรรม | พระพุทธรูป | ปูนปั้น | และ | พระพุทธรูป | หล่อสำริด | ปางลีลา | สมัยสุโขทัย | ระหว่าง | พุทธศตวรรษ | ที่ |   | 19 |   | - |   | 20 |   | ดังนั้น |   | ท่า | รำ | และ | ดนตรี | ตลอดจน | เครื่องแต่งกาย | จึง | มี | รูปแบบ | จาก | สมัยสุโขทัย"
"107","ฉุยฉายทศกัณฐ์ลงสวน","เป็น | การแสดง | ชุด | หนึ่ง | ใน | การแสดง | โขน | เรื่อง | รามเกียรติ์ |   | กล่าวถึง | ทศกัณฐ์ | เจ้า | กรุงลงกา | แสดง | ลีลา | ท่า | รำ | ด้วย | ความภาคภูมิใจ | ใน | ความสง่างาม | ของ | ตน |   | โดย | มือขวา | ถือ | พัด | และ | คล้อง | พวงมาลัย | เพื่อ | ไป | เกี้ยว | นาง | สีดา"
"108","ฉุยฉายเบญกาย","เป็น | การแสดง | ชุด | หนึ่ง | ใน | การแสดง | โขน | เรื่อง | รามเกียรติ์ | กล่าวถึง | นาง | เบญกาย |   | แสดง | ลีลา | ท่า | รำ | ด้วย | ความภาคภูมิใจ | ใน | ความงาม | ของ | ตน | ที่ | สามารถ | แปลงกาย | ได้ | งดงาม | เหมือน | นาง | สีดา |   | เพื่อ | ทำ | อุบาย | ตามคำสั่ง | ของ | ทศกัณฐ์ |   | ใน | การยุติ | สงคราม | กับ | พระราม"
"109","ฉุยฉายพราหมณ์","เป็น | การแสดง | ชุด | หนึ่ง | ปรากฏ | ใน | การแสดง | เบิกโรง | ชุด | พระคเณศ | เสีย | งา |   | กล่าวถึง |   | พระนารายณ์ | แปลงกาย | เป็น | พราหมณ์ | น้อย |   | ร่ายรำ | อย่าง | งดงาม | เพื่อ | ขอพร | ต่อ | พระอุมา | มเหสี | ของ | พระอิศวร |   | ผู้ | เป็น | เทพเจ้า | องค์ | หนึ่ง | ตาม | ความเชื่อ | ของ | ชาว | ฮินดู"
"110","ฉุยฉายยอพระกลิ่น","ฉุยฉาย | ยอพระกลิ่น |   | เป็น | การแสดง | ชุด | หนึ่ง | ใน | การแสดง | ละครนอก |   | เรื่อง | มณีพิชัย |   | กล่าวถึง | นาง | ยอพระกลิ่น | นางเอก | ของ | เรื่อง | แสดง | ลีลา | ท่า | รำ | ด้วย | ความภาคภูมิใจ | ใน | ความงาม | ของ | ตน | ก่อน | ออกเดินทาง | ไป | พบ | พระ | มณีพิชัย | ผู้ | เป็น | พระสวามี"
"111","ฉุยฉายวันทอง","เป็น | การแสดง | ชุด | หนึ่ง | อยู่ | ใน | การ | แสดงละคร | เรื่อง | ขุนช้าง | ขุนแผน |   | กล่าวถึง | นาง | วันทอง | มารดา | ของ | พระไวย | ซึ่ง | เสียชีวิต | ไป | แล้ว |   | แต่ | ยังคง | มี | ความห่วงใย | บุตร |   | จึง | แปลงกาย | เป็น | สาวงาม | แสดง | ลีลา | ท่า | รำ | ด้วย | ความภาคภูมิใจ | ใน | ความงาม | ของ | ตน |   | เพื่อ | ไป | แจ้ง | กลอุบาย | ศึก | แก่ | พระไวย | ผู้ | เป็น | บุตรชาย"
"112","ฉุยฉายศูรปนขา","เป็น | การแสดง | ชุด | หนึ่ง | อยู่ | ใน | การแสดง | โขน | เรื่อง | รามเกียรติ์ |   | กล่าวถึง | นาง | ศูรปนขา | ยักษิณี | ผู้ | เป็น | น้องสาว | ทศกัณฐ์ |   | แปลงกาย | เป็น | สาวงาม | แสดง | ลีลา | ท่า | รำ | ด้วย | ความภาคภูมิใจ | ใน | ความงาม | ของ | ตน |   | เพื่อ | ไป | เกี้ยวพาราสี | พระราม"
"113","ฉุยฉายหนุมานทรงเครื่อง","เป็น | การแสดง | ชุด | หนึ่ง | อยู่ | ใน | การแสดง | โขน | เรื่อง | รามเกียรติ์ |   | กล่าวถึง | หนุมาน | วานร | กาย | สี | ขาว | ทหารเอก | ของ | พระราม | ทำ | อุบาย | ไป | เป็น | ฝ่าย | ทศกัณฐ์ |   | แสดง | การ | แต่ง | องค์ | ทรง | เครื่องแบบ | ยักษ์ |   | ด้วย | ลีลา | การร่ายรำ | ผสมผสาน | กิริยา | ของ | วานร |   | ก่อน | ออกเดินทาง |   | ไป | ร่วม | ทำสงคราม | ครั้งสุดท้าย | ระหว่าง | พระราม | กับ | ทศกัณฐ์"
"114","ชุมนุมฉุยฉาย","ชุมนุม | ฉุยฉาย |   | เป็น | การแสดง | ชุด | หนึ่ง | ที่ | พัฒนา | รูปแบบ | การร้อง | รำ | ฉุยฉาย |   | โดย | รวบรวม | ตัวละคร | ประเภท | ต่าง ๆ |   | การรำ | สื่อ | ถึง | ความภาคภูมิใจ |   | ใน | ความงาม | ของ | ตัวละคร |   | ผู้แสดง | แต่งกาย | ยืนเครื่อง | ตาม | ลักษณะ | ตัวละคร |   | พระ | - | นาง |   | พราหมณ์ |   | ยักษ์ |   | และ | ลิง"
"115","กราววีรชัยลิง","กราววีรชัยลิง |   | เป็น | การแสดง | การ | จัด | พล | ของ | เหล่า | วานร | สิบแปดมงกุฎ | 
 | ซึ่ง | เป็น | เสนา | วานร | ของ | กองทัพ | พระราม | ใน | เรื่อง | รามเกียรติ์ | 
 | กระบวน | ลีลา | ท่าทาง |   | มี | ความคล่องแคล่ว |   | ว่องไว | และ | ความเข้มแข็ง |   | โดย | นำ | ท่าทาง | มาจาก | การรำ | ตรวจ | พล |   | ท่าทาง | การต่อสู้ |   | และ | ท่าทาง | เลียนแบบ | กิริยาอาการ | ซุกซน | ของ | ลิง | มา | สร้างสรรค์ | เป็น | ท่า | รำ"
