Model,Seed,MAX_CANDS,best_b_cbf,coverage_rate,feasible_nDCG@10,feasible_HR@10,feasible_MRR@10,feasible_cases,total_cases,best_b,cbf_model,cf_model,blend_method,method_params,is_selected_best,blend_params,explanation_type,explanation_distribution,reason_th,topk_longtail_rate_mean_x,topk_avg_popularity_mean_x,coverage_item_catalog_rate,faithfulness_mean_rank_drop,model_family,model_name,run_id,config_hash,xai_conf_mean,xai_coverage_rate_topk,xai_balanced_rate,xai_faithfulness_drop_mean,topk_longtail_rate_mean_y,topk_avg_popularity_mean_y,ndcg_cold_mean,ndcg_heavy_mean,ndcg_mid_mean,hr_cold_mean,hr_heavy_mean,hr_mid_mean,mrr_cold_mean,mrr_heavy_mean,mrr_mid_mean
CBF-paraphrase-multilingual-mpnet-base-v2,42,50,0.3,1.0,0.7610887938938091,0.9807692307692307,0.6934930809930809,156,156,,,,,,True,,,,,,,,,CBF,paraphrase-multilingual-mpnet-base-v2,3761e57c-42ed-41ff-911f-34561beb1d4b,d3fca8b239cb,,,,,,,,,,,,,,,
CBF-paraphrase-multilingual-mpnet-base-v2,123,50,0.3,1.0,0.7211916532371578,0.9743589743589743,0.6405219780219779,156,156,,,,,,True,,,,,,,,,CBF,paraphrase-multilingual-mpnet-base-v2,3761e57c-42ed-41ff-911f-34561beb1d4b,d3fca8b239cb,,,,,,,,,,,,,,,
CBF-paraphrase-multilingual-mpnet-base-v2,999,50,0.3,1.0,0.7717040725315523,0.9807692307692307,0.7040394790394788,156,156,,,,,,True,,,,,,,,,CBF,paraphrase-multilingual-mpnet-base-v2,3761e57c-42ed-41ff-911f-34561beb1d4b,d3fca8b239cb,,,,,,,,,,,,,,,
CBF-paraphrase-multilingual-mpnet-base-v2,2024,50,0.3,1.0,0.7500152214052174,0.9423076923076923,0.6879858567358565,156,156,,,,,,True,,,,,,,,,CBF,paraphrase-multilingual-mpnet-base-v2,3761e57c-42ed-41ff-911f-34561beb1d4b,d3fca8b239cb,,,,,,,,,,,,,,,
CBF-paraphrase-multilingual-mpnet-base-v2,555,50,0.3,1.0,0.7868720062553518,0.9743589743589743,0.7276912901912903,156,156,,,,,,True,,,,,,,,,CBF,paraphrase-multilingual-mpnet-base-v2,3761e57c-42ed-41ff-911f-34561beb1d4b,d3fca8b239cb,,,,,,,,,,,,,,,
CBF-paraphrase-multilingual-mpnet-base-v2,42,100,0.3,1.0,0.7519256864326679,0.9423076923076923,0.6917709605209605,156,156,,,,,,True,,,,,,,,,CBF,paraphrase-multilingual-mpnet-base-v2,3761e57c-42ed-41ff-911f-34561beb1d4b,d3fca8b239cb,,,,,,,,,,,,,,,
CBF-paraphrase-multilingual-mpnet-base-v2,123,100,0.3,1.0,0.734080654815976,0.9615384615384616,0.6606049043549044,156,156,,,,,,True,,,,,,,,,CBF,paraphrase-multilingual-mpnet-base-v2,3761e57c-42ed-41ff-911f-34561beb1d4b,d3fca8b239cb,,,,,,,,,,,,,,,
CBF-paraphrase-multilingual-mpnet-base-v2,999,100,0.3,1.0,0.7970570523359262,0.967948717948718,0.7417277167277166,156,156,,,,,,True,,,,,,,,,CBF,paraphrase-multilingual-mpnet-base-v2,3761e57c-42ed-41ff-911f-34561beb1d4b,d3fca8b239cb,,,,,,,,,,,,,,,
CBF-paraphrase-multilingual-mpnet-base-v2,2024,100,0.3,1.0,0.7340063853872242,0.9551282051282052,0.6639448514448514,156,156,,,,,,True,,,,,,,,,CBF,paraphrase-multilingual-mpnet-base-v2,3761e57c-42ed-41ff-911f-34561beb1d4b,d3fca8b239cb,,,,,,,,,,,,,,,
CBF-paraphrase-multilingual-mpnet-base-v2,555,100,0.3,1.0,0.7578725685915005,0.9551282051282052,0.6950625763125763,156,156,,,,,,True,,,,,,,,,CBF,paraphrase-multilingual-mpnet-base-v2,3761e57c-42ed-41ff-911f-34561beb1d4b,d3fca8b239cb,,,,,,,,,,,,,,,
CBF-paraphrase-multilingual-mpnet-base-v2,42,200,0.3,1.0,0.7169086642416251,0.9551282051282052,0.6425493487993488,156,156,,,,,,True,,,,,,,,,CBF,paraphrase-multilingual-mpnet-base-v2,3761e57c-42ed-41ff-911f-34561beb1d4b,d3fca8b239cb,,,,,,,,,,,,,,,
CBF-paraphrase-multilingual-mpnet-base-v2,123,200,0.3,1.0,0.7484270209656826,0.9807692307692307,0.6748702686202686,156,156,,,,,,True,,,,,,,,,CBF,paraphrase-multilingual-mpnet-base-v2,3761e57c-42ed-41ff-911f-34561beb1d4b,d3fca8b239cb,,,,,,,,,,,,,,,
CBF-paraphrase-multilingual-mpnet-base-v2,999,200,0.3,1.0,0.7699471807494179,0.9551282051282052,0.711553724053724,156,156,,,,,,True,,,,,,,,,CBF,paraphrase-multilingual-mpnet-base-v2,3761e57c-42ed-41ff-911f-34561beb1d4b,d3fca8b239cb,,,,,,,,,,,,,,,
CBF-paraphrase-multilingual-mpnet-base-v2,2024,200,0.3,1.0,0.7380991237888482,0.9807692307692307,0.6634310134310133,156,156,,,,,,True,,,,,,,,,CBF,paraphrase-multilingual-mpnet-base-v2,3761e57c-42ed-41ff-911f-34561beb1d4b,d3fca8b239cb,,,,,,,,,,,,,,,
CBF-paraphrase-multilingual-mpnet-base-v2,555,200,0.3,1.0,0.7947677023215569,0.967948717948718,0.7404354904354905,156,156,,,,,,True,,,,,,,,,CBF,paraphrase-multilingual-mpnet-base-v2,3761e57c-42ed-41ff-911f-34561beb1d4b,d3fca8b239cb,,,,,,,,,,,,,,,
CBF-wangchanberta-base-att-spm-uncased,42,50,0.2,1.0,0.7176319719694613,0.9935897435897436,0.6305250305250305,156,156,,,,,,True,,,,,,,,,CBF,wangchanberta-base-att-spm-uncased,3761e57c-42ed-41ff-911f-34561beb1d4b,d3fca8b239cb,,,,,,,,,,,,,,,
CBF-wangchanberta-base-att-spm-uncased,123,50,0.3,1.0,0.692453451750973,0.9871794871794872,0.5996845746845747,156,156,,,,,,True,,,,,,,,,CBF,wangchanberta-base-att-spm-uncased,3761e57c-42ed-41ff-911f-34561beb1d4b,d3fca8b239cb,,,,,,,,,,,,,,,
CBF-wangchanberta-base-att-spm-uncased,999,50,0.2,1.0,0.7476692746423902,0.9615384615384616,0.6808608058608059,156,156,,,,,,True,,,,,,,,,CBF,wangchanberta-base-att-spm-uncased,3761e57c-42ed-41ff-911f-34561beb1d4b,d3fca8b239cb,,,,,,,,,,,,,,,
CBF-wangchanberta-base-att-spm-uncased,2024,50,0.2,1.0,0.6900610191607446,0.967948717948718,0.6022079772079773,156,156,,,,,,True,,,,,,,,,CBF,wangchanberta-base-att-spm-uncased,3761e57c-42ed-41ff-911f-34561beb1d4b,d3fca8b239cb,,,,,,,,,,,,,,,
CBF-wangchanberta-base-att-spm-uncased,555,50,0.2,1.0,0.7473001473433922,0.9743589743589743,0.6763202075702078,156,156,,,,,,True,,,,,,,,,CBF,wangchanberta-base-att-spm-uncased,3761e57c-42ed-41ff-911f-34561beb1d4b,d3fca8b239cb,,,,,,,,,,,,,,,
CBF-wangchanberta-base-att-spm-uncased,42,100,0.2,1.0,0.7129255391771134,0.9551282051282052,0.6348773911273909,156,156,,,,,,True,,,,,,,,,CBF,wangchanberta-base-att-spm-uncased,3761e57c-42ed-41ff-911f-34561beb1d4b,d3fca8b239cb,,,,,,,,,,,,,,,
CBF-wangchanberta-base-att-spm-uncased,123,100,0.2,1.0,0.740476958143258,1.0,0.6576516076516078,156,156,,,,,,True,,,,,,,,,CBF,wangchanberta-base-att-spm-uncased,3761e57c-42ed-41ff-911f-34561beb1d4b,d3fca8b239cb,,,,,,,,,,,,,,,
CBF-wangchanberta-base-att-spm-uncased,999,100,0.2,1.0,0.7483099235245474,0.9487179487179487,0.6849664224664224,156,156,,,,,,True,,,,,,,,,CBF,wangchanberta-base-att-spm-uncased,3761e57c-42ed-41ff-911f-34561beb1d4b,d3fca8b239cb,,,,,,,,,,,,,,,
CBF-wangchanberta-base-att-spm-uncased,2024,100,0.2,1.0,0.6646564963964965,0.9294871794871795,0.5803902116402117,156,156,,,,,,True,,,,,,,,,CBF,wangchanberta-base-att-spm-uncased,3761e57c-42ed-41ff-911f-34561beb1d4b,d3fca8b239cb,,,,,,,,,,,,,,,
CBF-wangchanberta-base-att-spm-uncased,555,100,0.2,1.0,0.7291198188765917,0.9551282051282052,0.6580458892958895,156,156,,,,,,True,,,,,,,,,CBF,wangchanberta-base-att-spm-uncased,3761e57c-42ed-41ff-911f-34561beb1d4b,d3fca8b239cb,,,,,,,,,,,,,,,
CBF-wangchanberta-base-att-spm-uncased,42,200,0.2,1.0,0.70913431667418,0.9551282051282052,0.6299018111518111,156,156,,,,,,True,,,,,,,,,CBF,wangchanberta-base-att-spm-uncased,3761e57c-42ed-41ff-911f-34561beb1d4b,d3fca8b239cb,,,,,,,,,,,,,,,
CBF-wangchanberta-base-att-spm-uncased,123,200,0.2,1.0,0.7065927353530785,0.967948717948718,0.6239494301994303,156,156,,,,,,True,,,,,,,,,CBF,wangchanberta-base-att-spm-uncased,3761e57c-42ed-41ff-911f-34561beb1d4b,d3fca8b239cb,,,,,,,,,,,,,,,
CBF-wangchanberta-base-att-spm-uncased,999,200,0.2,1.0,0.7336429492510685,0.9358974358974359,0.6694062881562882,156,156,,,,,,True,,,,,,,,,CBF,wangchanberta-base-att-spm-uncased,3761e57c-42ed-41ff-911f-34561beb1d4b,d3fca8b239cb,,,,,,,,,,,,,,,
CBF-wangchanberta-base-att-spm-uncased,2024,200,0.2,1.0,0.7314831963381127,0.967948717948718,0.6576948514448514,156,156,,,,,,True,,,,,,,,,CBF,wangchanberta-base-att-spm-uncased,3761e57c-42ed-41ff-911f-34561beb1d4b,d3fca8b239cb,,,,,,,,,,,,,,,
CBF-wangchanberta-base-att-spm-uncased,555,200,0.2,1.0,0.7007017449544802,0.9551282051282052,0.620970695970696,156,156,,,,,,True,,,,,,,,,CBF,wangchanberta-base-att-spm-uncased,3761e57c-42ed-41ff-911f-34561beb1d4b,d3fca8b239cb,,,,,,,,,,,,,,,
CBF-multilingual-e5-large,42,50,0.1,1.0,0.8737039949282634,0.9935897435897436,0.8344551282051279,156,156,,,,,,True,,,,,,,,,CBF,multilingual-e5-large,3761e57c-42ed-41ff-911f-34561beb1d4b,d3fca8b239cb,,,,,,,,,,,,,,,
CBF-multilingual-e5-large,123,50,0.1,1.0,0.8489657248743945,0.9935897435897436,0.8014219576719578,156,156,,,,,,True,,,,,,,,,CBF,multilingual-e5-large,3761e57c-42ed-41ff-911f-34561beb1d4b,d3fca8b239cb,,,,,,,,,,,,,,,
CBF-multilingual-e5-large,999,50,0.1,1.0,0.8786558716298148,0.9935897435897436,0.8402574277574276,156,156,,,,,,True,,,,,,,,,CBF,multilingual-e5-large,3761e57c-42ed-41ff-911f-34561beb1d4b,d3fca8b239cb,,,,,,,,,,,,,,,
CBF-multilingual-e5-large,2024,50,0.05,1.0,0.8529091519113831,1.0,0.8044948107448107,156,156,,,,,,True,,,,,,,,,CBF,multilingual-e5-large,3761e57c-42ed-41ff-911f-34561beb1d4b,d3fca8b239cb,,,,,,,,,,,,,,,
CBF-multilingual-e5-large,555,50,0.1,1.0,0.8997752492455445,1.0,0.8667887667887667,156,156,,,,,,True,,,,,,,,,CBF,multilingual-e5-large,3761e57c-42ed-41ff-911f-34561beb1d4b,d3fca8b239cb,,,,,,,,,,,,,,,
CBF-multilingual-e5-large,42,100,0.1,1.0,0.8734623361742135,0.9871794871794872,0.8356735856735857,156,156,,,,,,True,,,,,,,,,CBF,multilingual-e5-large,3761e57c-42ed-41ff-911f-34561beb1d4b,d3fca8b239cb,,,,,,,,,,,,,,,
CBF-multilingual-e5-large,123,100,0.1,1.0,0.8815893228232609,1.0,0.8423153235653233,156,156,,,,,,True,,,,,,,,,CBF,multilingual-e5-large,3761e57c-42ed-41ff-911f-34561beb1d4b,d3fca8b239cb,,,,,,,,,,,,,,,
CBF-multilingual-e5-large,999,100,0.1,1.0,0.8791061326372517,1.0,0.8391348501925424,156,156,,,,,,True,,,,,,,,,CBF,multilingual-e5-large,3761e57c-42ed-41ff-911f-34561beb1d4b,d3fca8b239cb,,,,,,,,,,,,,,,
CBF-multilingual-e5-large,2024,100,0.05,1.0,0.8439924218572502,0.9807692307692307,0.798527167277167,156,156,,,,,,True,,,,,,,,,CBF,multilingual-e5-large,3761e57c-42ed-41ff-911f-34561beb1d4b,d3fca8b239cb,,,,,,,,,,,,,,,
CBF-multilingual-e5-large,555,100,0.1,1.0,0.8814211333470712,0.9935897435897436,0.8449328449328448,156,156,,,,,,True,,,,,,,,,CBF,multilingual-e5-large,3761e57c-42ed-41ff-911f-34561beb1d4b,d3fca8b239cb,,,,,,,,,,,,,,,
CBF-multilingual-e5-large,42,200,0.1,1.0,0.8488008138574653,1.0,0.7992852055352054,156,156,,,,,,True,,,,,,,,,CBF,multilingual-e5-large,3761e57c-42ed-41ff-911f-34561beb1d4b,d3fca8b239cb,,,,,,,,,,,,,,,
CBF-multilingual-e5-large,123,200,0.1,1.0,0.851086801488404,0.9935897435897436,0.8035078347578346,156,156,,,,,,True,,,,,,,,,CBF,multilingual-e5-large,3761e57c-42ed-41ff-911f-34561beb1d4b,d3fca8b239cb,,,,,,,,,,,,,,,
CBF-multilingual-e5-large,999,200,0.1,1.0,0.8725404800643676,0.9935897435897436,0.8331883394383394,156,156,,,,,,True,,,,,,,,,CBF,multilingual-e5-large,3761e57c-42ed-41ff-911f-34561beb1d4b,d3fca8b239cb,,,,,,,,,,,,,,,
CBF-multilingual-e5-large,2024,200,0.05,1.0,0.8677586319902135,0.9935897435897436,0.8261014448514448,156,156,,,,,,True,,,,,,,,,CBF,multilingual-e5-large,3761e57c-42ed-41ff-911f-34561beb1d4b,d3fca8b239cb,,,,,,,,,,,,,,,
CBF-multilingual-e5-large,555,200,0.1,1.0,0.869024810771565,1.0,0.8259437321937322,156,156,,,,,,True,,,,,,,,,CBF,multilingual-e5-large,3761e57c-42ed-41ff-911f-34561beb1d4b,d3fca8b239cb,,,,,,,,,,,,,,,
CBF-bge-m3,42,50,0.2,1.0,0.8645579614877684,1.0,0.8195589133089133,156,156,,,,,,True,,,,,,,,,CBF,bge-m3,3761e57c-42ed-41ff-911f-34561beb1d4b,d3fca8b239cb,,,,,,,,,,,,,,,
CBF-bge-m3,123,50,0.2,1.0,0.839793634061499,0.9935897435897436,0.7895451770451769,156,156,,,,,,True,,,,,,,,,CBF,bge-m3,3761e57c-42ed-41ff-911f-34561beb1d4b,d3fca8b239cb,,,,,,,,,,,,,,,
CBF-bge-m3,999,50,0.15,1.0,0.8667365665856887,0.9871794871794872,0.8260149572649573,156,156,,,,,,True,,,,,,,,,CBF,bge-m3,3761e57c-42ed-41ff-911f-34561beb1d4b,d3fca8b239cb,,,,,,,,,,,,,,,
CBF-bge-m3,2024,50,0.15,1.0,0.8577054314658722,1.0,0.8118309930809932,156,156,,,,,,True,,,,,,,,,CBF,bge-m3,3761e57c-42ed-41ff-911f-34561beb1d4b,d3fca8b239cb,,,,,,,,,,,,,,,
CBF-bge-m3,555,50,0.15,1.0,0.8766266644843282,0.9935897435897436,0.8379985754985756,156,156,,,,,,True,,,,,,,,,CBF,bge-m3,3761e57c-42ed-41ff-911f-34561beb1d4b,d3fca8b239cb,,,,,,,,,,,,,,,
CBF-bge-m3,42,100,0.15,1.0,0.8533059589875194,0.9935897435897436,0.8083180708180708,156,156,,,,,,True,,,,,,,,,CBF,bge-m3,3761e57c-42ed-41ff-911f-34561beb1d4b,d3fca8b239cb,,,,,,,,,,,,,,,
CBF-bge-m3,123,100,0.15,1.0,0.8617446465647222,0.9935897435897436,0.8170482295482296,156,156,,,,,,True,,,,,,,,,CBF,bge-m3,3761e57c-42ed-41ff-911f-34561beb1d4b,d3fca8b239cb,,,,,,,,,,,,,,,
CBF-bge-m3,999,100,0.15,1.0,0.8793770251441287,0.9935897435897436,0.8410968660968661,156,156,,,,,,True,,,,,,,,,CBF,bge-m3,3761e57c-42ed-41ff-911f-34561beb1d4b,d3fca8b239cb,,,,,,,,,,,,,,,
CBF-bge-m3,2024,100,0.2,1.0,0.830828092852237,0.967948717948718,0.785370879120879,156,156,,,,,,True,,,,,,,,,CBF,bge-m3,3761e57c-42ed-41ff-911f-34561beb1d4b,d3fca8b239cb,,,,,,,,,,,,,,,
CBF-bge-m3,555,100,0.15,1.0,0.8587661984881427,0.9871794871794872,0.8165140415140415,156,156,,,,,,True,,,,,,,,,CBF,bge-m3,3761e57c-42ed-41ff-911f-34561beb1d4b,d3fca8b239cb,,,,,,,,,,,,,,,
CBF-bge-m3,42,200,0.3,1.0,0.8380313964328892,1.0,0.785228428978429,156,156,,,,,,True,,,,,,,,,CBF,bge-m3,3761e57c-42ed-41ff-911f-34561beb1d4b,d3fca8b239cb,,,,,,,,,,,,,,,
CBF-bge-m3,123,200,0.3,1.0,0.8691700693874003,1.0,0.8261828449328448,156,156,,,,,,True,,,,,,,,,CBF,bge-m3,3761e57c-42ed-41ff-911f-34561beb1d4b,d3fca8b239cb,,,,,,,,,,,,,,,
CBF-bge-m3,999,200,0.2,1.0,0.8750549407098757,1.0,0.8345161782661782,156,156,,,,,,True,,,,,,,,,CBF,bge-m3,3761e57c-42ed-41ff-911f-34561beb1d4b,d3fca8b239cb,,,,,,,,,,,,,,,
CBF-bge-m3,2024,200,0.2,1.0,0.8732690087967477,0.9871794871794872,0.8361645299145299,156,156,,,,,,True,,,,,,,,,CBF,bge-m3,3761e57c-42ed-41ff-911f-34561beb1d4b,d3fca8b239cb,,,,,,,,,,,,,,,
CBF-bge-m3,555,200,0.15,1.0,0.8608847941183526,1.0,0.8156669719169718,156,156,,,,,,True,,,,,,,,,CBF,bge-m3,3761e57c-42ed-41ff-911f-34561beb1d4b,d3fca8b239cb,,,,,,,,,,,,,,,
CBF-Qwen2-0.5B,42,50,0.05,1.0,0.7559693161218566,0.9743589743589743,0.6861670736670737,156,156,,,,,,True,,,,,,,,,CBF,Qwen2-0.5B,3761e57c-42ed-41ff-911f-34561beb1d4b,d3fca8b239cb,,,,,,,,,,,,,,,
CBF-Qwen2-0.5B,123,50,0.05,1.0,0.6797828879391704,0.9615384615384616,0.590628815628816,156,156,,,,,,True,,,,,,,,,CBF,Qwen2-0.5B,3761e57c-42ed-41ff-911f-34561beb1d4b,d3fca8b239cb,,,,,,,,,,,,,,,
CBF-Qwen2-0.5B,999,50,0.05,1.0,0.7020645071377659,0.9615384615384616,0.6185744810744811,156,156,,,,,,True,,,,,,,,,CBF,Qwen2-0.5B,3761e57c-42ed-41ff-911f-34561beb1d4b,d3fca8b239cb,,,,,,,,,,,,,,,
CBF-Qwen2-0.5B,2024,50,0.05,1.0,0.6732821342028229,0.9615384615384616,0.5833521179675026,156,156,,,,,,True,,,,,,,,,CBF,Qwen2-0.5B,3761e57c-42ed-41ff-911f-34561beb1d4b,d3fca8b239cb,,,,,,,,,,,,,,,
CBF-Qwen2-0.5B,555,50,0.05,1.0,0.7346202706604468,0.9615384615384616,0.6635276760276761,156,156,,,,,,True,,,,,,,,,CBF,Qwen2-0.5B,3761e57c-42ed-41ff-911f-34561beb1d4b,d3fca8b239cb,,,,,,,,,,,,,,,
CBF-Qwen2-0.5B,42,100,0.05,1.0,0.7366031606223603,0.9358974358974359,0.6722120472120471,156,156,,,,,,True,,,,,,,,,CBF,Qwen2-0.5B,3761e57c-42ed-41ff-911f-34561beb1d4b,d3fca8b239cb,,,,,,,,,,,,,,,
CBF-Qwen2-0.5B,123,100,0.05,1.0,0.6820145015893514,0.9551282051282052,0.5952380952380955,156,156,,,,,,True,,,,,,,,,CBF,Qwen2-0.5B,3761e57c-42ed-41ff-911f-34561beb1d4b,d3fca8b239cb,,,,,,,,,,,,,,,
CBF-Qwen2-0.5B,999,100,0.05,1.0,0.7297123041114505,0.9871794871794872,0.6482885170385171,156,156,,,,,,True,,,,,,,,,CBF,Qwen2-0.5B,3761e57c-42ed-41ff-911f-34561beb1d4b,d3fca8b239cb,,,,,,,,,,,,,,,
CBF-Qwen2-0.5B,2024,100,0.05,1.0,0.6780518770969685,0.9615384615384616,0.5890745828245828,156,156,,,,,,True,,,,,,,,,CBF,Qwen2-0.5B,3761e57c-42ed-41ff-911f-34561beb1d4b,d3fca8b239cb,,,,,,,,,,,,,,,
CBF-Qwen2-0.5B,555,100,0.15,1.0,0.7140479518617391,0.9487179487179487,0.6384047932124858,156,156,,,,,,True,,,,,,,,,CBF,Qwen2-0.5B,3761e57c-42ed-41ff-911f-34561beb1d4b,d3fca8b239cb,,,,,,,,,,,,,,,
CBF-Qwen2-0.5B,42,200,0.05,1.0,0.7183667292617409,0.9487179487179487,0.6438593813593815,156,156,,,,,,True,,,,,,,,,CBF,Qwen2-0.5B,3761e57c-42ed-41ff-911f-34561beb1d4b,d3fca8b239cb,,,,,,,,,,,,,,,
CBF-Qwen2-0.5B,123,200,0.05,1.0,0.6782148893264873,0.9487179487179487,0.591957851516675,156,156,,,,,,True,,,,,,,,,CBF,Qwen2-0.5B,3761e57c-42ed-41ff-911f-34561beb1d4b,d3fca8b239cb,,,,,,,,,,,,,,,
CBF-Qwen2-0.5B,999,200,0.05,1.0,0.6964018705218514,0.9487179487179487,0.6173560236060235,156,156,,,,,,True,,,,,,,,,CBF,Qwen2-0.5B,3761e57c-42ed-41ff-911f-34561beb1d4b,d3fca8b239cb,,,,,,,,,,,,,,,
CBF-Qwen2-0.5B,2024,200,0.05,1.0,0.7112770103099669,0.9551282051282052,0.63537772768542,156,156,,,,,,True,,,,,,,,,CBF,Qwen2-0.5B,3761e57c-42ed-41ff-911f-34561beb1d4b,d3fca8b239cb,,,,,,,,,,,,,,,
CBF-Qwen2-0.5B,555,200,0.05,1.0,0.7142363608691586,0.967948717948718,0.6350292335869262,156,156,,,,,,True,,,,,,,,,CBF,Qwen2-0.5B,3761e57c-42ed-41ff-911f-34561beb1d4b,d3fca8b239cb,,,,,,,,,,,,,,,
CF-SVD,42,50,,1.0,0.6924714010984213,0.9487179487179487,0.6112408424908425,156,156,0.3,,,,,True,,,,,,,,,CF,SVD,3761e57c-42ed-41ff-911f-34561beb1d4b,d3fca8b239cb,,,,,,,,,,,,,,,
CF-SVD,123,50,,1.0,0.6784494868958403,0.9615384615384616,0.5902955840455841,156,156,0.3,,,,,True,,,,,,,,,CF,SVD,3761e57c-42ed-41ff-911f-34561beb1d4b,d3fca8b239cb,,,,,,,,,,,,,,,
CF-SVD,999,50,,1.0,0.7100679151551572,0.9423076923076923,0.6360169922669924,156,156,0.3,,,,,True,,,,,,,,,CF,SVD,3761e57c-42ed-41ff-911f-34561beb1d4b,d3fca8b239cb,,,,,,,,,,,,,,,
CF-SVD,2024,50,,1.0,0.68493994251413,0.967948717948718,0.5948310948310949,156,156,0.3,,,,,True,,,,,,,,,CF,SVD,3761e57c-42ed-41ff-911f-34561beb1d4b,d3fca8b239cb,,,,,,,,,,,,,,,
CF-SVD,555,50,,1.0,0.7193371520174832,0.967948717948718,0.6396952584452585,156,156,0.3,,,,,True,,,,,,,,,CF,SVD,3761e57c-42ed-41ff-911f-34561beb1d4b,d3fca8b239cb,,,,,,,,,,,,,,,
CF-SVD,42,100,,1.0,0.7312216772448951,0.967948717948718,0.6564560439560442,156,156,0.3,,,,,True,,,,,,,,,CF,SVD,3761e57c-42ed-41ff-911f-34561beb1d4b,d3fca8b239cb,,,,,,,,,,,,,,,
CF-SVD,123,100,,1.0,0.6691873601694487,0.9294871794871795,0.5867114367114369,156,156,0.3,,,,,True,,,,,,,,,CF,SVD,3761e57c-42ed-41ff-911f-34561beb1d4b,d3fca8b239cb,,,,,,,,,,,,,,,
CF-SVD,999,100,,1.0,0.7130366412832894,0.9423076923076923,0.639250101750102,156,156,0.3,,,,,True,,,,,,,,,CF,SVD,3761e57c-42ed-41ff-911f-34561beb1d4b,d3fca8b239cb,,,,,,,,,,,,,,,
CF-SVD,2024,100,,1.0,0.6961803650738018,0.9551282051282052,0.6146392958892958,156,156,0.3,,,,,True,,,,,,,,,CF,SVD,3761e57c-42ed-41ff-911f-34561beb1d4b,d3fca8b239cb,,,,,,,,,,,,,,,
CF-SVD,555,100,,1.0,0.723362021073422,0.9615384615384616,0.6474944037444039,156,156,0.3,,,,,True,,,,,,,,,CF,SVD,3761e57c-42ed-41ff-911f-34561beb1d4b,d3fca8b239cb,,,,,,,,,,,,,,,
CF-SVD,42,200,,1.0,0.7076936402603773,0.9487179487179487,0.6319724257224258,156,156,0.3,,,,,True,,,,,,,,,CF,SVD,3761e57c-42ed-41ff-911f-34561beb1d4b,d3fca8b239cb,,,,,,,,,,,,,,,
CF-SVD,123,200,,1.0,0.6826063299857992,0.9551282051282052,0.5968482905982906,156,156,0.3,,,,,True,,,,,,,,,CF,SVD,3761e57c-42ed-41ff-911f-34561beb1d4b,d3fca8b239cb,,,,,,,,,,,,,,,
CF-SVD,999,200,,1.0,0.6983355418617138,0.9358974358974359,0.6227640415140415,156,156,0.3,,,,,True,,,,,,,,,CF,SVD,3761e57c-42ed-41ff-911f-34561beb1d4b,d3fca8b239cb,,,,,,,,,,,,,,,
CF-SVD,2024,200,,1.0,0.6859888877324517,0.967948717948718,0.5962199837199836,156,156,0.3,,,,,True,,,,,,,,,CF,SVD,3761e57c-42ed-41ff-911f-34561beb1d4b,d3fca8b239cb,,,,,,,,,,,,,,,
CF-SVD,555,200,,1.0,0.7219650564313453,0.9743589743589743,0.6425951363451364,156,156,0.3,,,,,True,,,,,,,,,CF,SVD,3761e57c-42ed-41ff-911f-34561beb1d4b,d3fca8b239cb,,,,,,,,,,,,,,,
CF-ItemKNN,42,50,,1.0,0.42491587516435686,0.7756410256410257,0.3150322308410546,156,156,0.3,,,,,True,,,,,,,,,CF,ItemKNN,3761e57c-42ed-41ff-911f-34561beb1d4b,d3fca8b239cb,,,,,,,,,,,,,,,
CF-ItemKNN,123,50,,1.0,0.3889509380393385,0.7243589743589743,0.2841663374751612,156,156,0.3,,,,,True,,,,,,,,,CF,ItemKNN,3761e57c-42ed-41ff-911f-34561beb1d4b,d3fca8b239cb,,,,,,,,,,,,,,,
CF-ItemKNN,999,50,,1.0,0.4306913556103167,0.7756410256410257,0.32309649040418287,156,156,0.3,,,,,True,,,,,,,,,CF,ItemKNN,3761e57c-42ed-41ff-911f-34561beb1d4b,d3fca8b239cb,,,,,,,,,,,,,,,
CF-ItemKNN,2024,50,,1.0,0.39597998489271324,0.7243589743589743,0.2933488143329773,156,156,0.3,,,,,True,,,,,,,,,CF,ItemKNN,3761e57c-42ed-41ff-911f-34561beb1d4b,d3fca8b239cb,,,,,,,,,,,,,,,
CF-ItemKNN,555,50,,1.0,0.42435160608375266,0.7884615384615384,0.3100304306469468,156,156,0.3,,,,,True,,,,,,,,,CF,ItemKNN,3761e57c-42ed-41ff-911f-34561beb1d4b,d3fca8b239cb,,,,,,,,,,,,,,,
CF-ItemKNN,42,100,,1.0,0.4160512273029484,0.7692307692307693,0.3063205477872662,156,156,0.3,,,,,True,,,,,,,,,CF,ItemKNN,3761e57c-42ed-41ff-911f-34561beb1d4b,d3fca8b239cb,,,,,,,,,,,,,,,
CF-ItemKNN,123,100,,1.0,0.3626294918167753,0.6858974358974359,0.262142990451814,156,156,0.3,,,,,True,,,,,,,,,CF,ItemKNN,3761e57c-42ed-41ff-911f-34561beb1d4b,d3fca8b239cb,,,,,,,,,,,,,,,
CF-ItemKNN,999,100,,1.0,0.3973426311038456,0.717948717948718,0.2965821749475597,156,156,0.3,,,,,True,,,,,,,,,CF,ItemKNN,3761e57c-42ed-41ff-911f-34561beb1d4b,d3fca8b239cb,,,,,,,,,,,,,,,
CF-ItemKNN,2024,100,,1.0,0.37307572340278883,0.6923076923076923,0.2732590394355102,156,156,0.3,,,,,True,,,,,,,,,CF,ItemKNN,3761e57c-42ed-41ff-911f-34561beb1d4b,d3fca8b239cb,,,,,,,,,,,,,,,
CF-ItemKNN,555,100,,1.0,0.41042918544398677,0.7564102564102564,0.30242631823514204,156,156,0.3,,,,,True,,,,,,,,,CF,ItemKNN,3761e57c-42ed-41ff-911f-34561beb1d4b,d3fca8b239cb,,,,,,,,,,,,,,,
CF-ItemKNN,42,200,,1.0,0.41006434372494976,0.75,0.30426384903939113,156,156,0.3,,,,,True,,,,,,,,,CF,ItemKNN,3761e57c-42ed-41ff-911f-34561beb1d4b,d3fca8b239cb,,,,,,,,,,,,,,,
CF-ItemKNN,123,200,,1.0,0.36864125589374536,0.6858974358974359,0.2698860599104707,156,156,0.3,,,,,True,,,,,,,,,CF,ItemKNN,3761e57c-42ed-41ff-911f-34561beb1d4b,d3fca8b239cb,,,,,,,,,,,,,,,
CF-ItemKNN,999,200,,1.0,0.4004532463513578,0.717948717948718,0.3006422227010464,156,156,0.3,,,,,True,,,,,,,,,CF,ItemKNN,3761e57c-42ed-41ff-911f-34561beb1d4b,d3fca8b239cb,,,,,,,,,,,,,,,
CF-ItemKNN,2024,200,,1.0,0.3790982443324244,0.6923076923076923,0.2813500350830669,156,156,0.3,,,,,True,,,,,,,,,CF,ItemKNN,3761e57c-42ed-41ff-911f-34561beb1d4b,d3fca8b239cb,,,,,,,,,,,,,,,
CF-ItemKNN,555,200,,1.0,0.409777912514584,0.7628205128205128,0.29985588297239907,156,156,0.3,,,,,True,,,,,,,,,CF,ItemKNN,3761e57c-42ed-41ff-911f-34561beb1d4b,d3fca8b239cb,,,,,,,,,,,,,,,
CF-NCF,42,50,,1.0,0.6113064031683566,0.8397435897435898,0.540900997150997,156,156,0.3,,,,,True,,,,,,,,,CF,NCF,3761e57c-42ed-41ff-911f-34561beb1d4b,d3fca8b239cb,,,,,,,,,,,,,,,
CF-NCF,123,50,,1.0,0.5318399520892451,0.7756410256410257,0.4582646520146521,156,156,0.3,,,,,True,,,,,,,,,CF,NCF,3761e57c-42ed-41ff-911f-34561beb1d4b,d3fca8b239cb,,,,,,,,,,,,,,,
CF-NCF,999,50,,1.0,0.5997709647344525,0.8461538461538461,0.5226750101750101,156,156,0.3,,,,,True,,,,,,,,,CF,NCF,3761e57c-42ed-41ff-911f-34561beb1d4b,d3fca8b239cb,,,,,,,,,,,,,,,
CF-NCF,2024,50,,1.0,0.5263523795819091,0.7692307692307693,0.4512006512006515,156,156,0.3,,,,,True,,,,,,,,,CF,NCF,3761e57c-42ed-41ff-911f-34561beb1d4b,d3fca8b239cb,,,,,,,,,,,,,,,
CF-NCF,555,50,,1.0,0.6180713064829756,0.9038461538461539,0.5311685999186,156,156,0.3,,,,,True,,,,,,,,,CF,NCF,3761e57c-42ed-41ff-911f-34561beb1d4b,d3fca8b239cb,,,,,,,,,,,,,,,
CF-NCF,42,100,,1.0,0.6341774695022736,0.8653846153846154,0.5632605820105818,156,156,0.3,,,,,True,,,,,,,,,CF,NCF,3761e57c-42ed-41ff-911f-34561beb1d4b,d3fca8b239cb,,,,,,,,,,,,,,,
CF-NCF,123,100,,1.0,0.5277264657938845,0.7307692307692307,0.4658221408221409,156,156,0.3,,,,,True,,,,,,,,,CF,NCF,3761e57c-42ed-41ff-911f-34561beb1d4b,d3fca8b239cb,,,,,,,,,,,,,,,
CF-NCF,999,100,,1.0,0.5979114767458841,0.8461538461538461,0.5212555962555963,156,156,0.3,,,,,True,,,,,,,,,CF,NCF,3761e57c-42ed-41ff-911f-34561beb1d4b,d3fca8b239cb,,,,,,,,,,,,,,,
CF-NCF,2024,100,,1.0,0.5292950659683279,0.7692307692307693,0.4562983312983316,156,156,0.3,,,,,True,,,,,,,,,CF,NCF,3761e57c-42ed-41ff-911f-34561beb1d4b,d3fca8b239cb,,,,,,,,,,,,,,,
CF-NCF,555,100,,1.0,0.6002669481964449,0.8397435897435898,0.5267373829873833,156,156,0.3,,,,,True,,,,,,,,,CF,NCF,3761e57c-42ed-41ff-911f-34561beb1d4b,d3fca8b239cb,,,,,,,,,,,,,,,
CF-NCF,42,200,,1.0,0.6160002840379709,0.8333333333333334,0.5487408424908423,156,156,0.3,,,,,True,,,,,,,,,CF,NCF,3761e57c-42ed-41ff-911f-34561beb1d4b,d3fca8b239cb,,,,,,,,,,,,,,,
CF-NCF,123,200,,1.0,0.520236487789642,0.7435897435897436,0.4520044770044771,156,156,0.3,,,,,True,,,,,,,,,CF,NCF,3761e57c-42ed-41ff-911f-34561beb1d4b,d3fca8b239cb,,,,,,,,,,,,,,,
CF-NCF,999,200,,1.0,0.5769511867310991,0.8076923076923077,0.5045431420431422,156,156,0.3,,,,,True,,,,,,,,,CF,NCF,3761e57c-42ed-41ff-911f-34561beb1d4b,d3fca8b239cb,,,,,,,,,,,,,,,
CF-NCF,2024,200,,1.0,0.5397148272951939,0.7884615384615384,0.46402370777370794,156,156,0.3,,,,,True,,,,,,,,,CF,NCF,3761e57c-42ed-41ff-911f-34561beb1d4b,d3fca8b239cb,,,,,,,,,,,,,,,
CF-NCF,555,200,,1.0,0.6144186789570478,0.8461538461538461,0.5439611314611315,156,156,0.3,,,,,True,,,,,,,,,CF,NCF,3761e57c-42ed-41ff-911f-34561beb1d4b,d3fca8b239cb,,,,,,,,,,,,,,,
CF-LightGCN,42,50,,1.0,0.7270699847581107,0.967948717948718,0.6500839438339435,156,156,0.08,,,,,True,,,,,,,,,CF,LightGCN,3761e57c-42ed-41ff-911f-34561beb1d4b,d3fca8b239cb,,,,,,,,,,,,,,,
CF-LightGCN,123,50,,1.0,0.69926364837507,0.9551282051282052,0.6185057997558001,156,156,0.08,,,,,True,,,,,,,,,CF,LightGCN,3761e57c-42ed-41ff-911f-34561beb1d4b,d3fca8b239cb,,,,,,,,,,,,,,,
CF-LightGCN,999,50,,1.0,0.7503790093529867,0.9615384615384616,0.6819240944240944,156,156,0.08,,,,,True,,,,,,,,,CF,LightGCN,3761e57c-42ed-41ff-911f-34561beb1d4b,d3fca8b239cb,,,,,,,,,,,,,,,
CF-LightGCN,2024,50,,1.0,0.7515829462310525,0.9807692307692307,0.678238196988197,156,156,0.08,,,,,True,,,,,,,,,CF,LightGCN,3761e57c-42ed-41ff-911f-34561beb1d4b,d3fca8b239cb,,,,,,,,,,,,,,,
CF-LightGCN,555,50,,1.0,0.7518905672994068,0.9615384615384616,0.6834274521774522,156,156,0.08,,,,,True,,,,,,,,,CF,LightGCN,3761e57c-42ed-41ff-911f-34561beb1d4b,d3fca8b239cb,,,,,,,,,,,,,,,
CF-LightGCN,42,100,,1.0,0.7676308541249309,0.9551282051282052,0.7078576516076514,156,156,0.08,,,,,True,,,,,,,,,CF,LightGCN,3761e57c-42ed-41ff-911f-34561beb1d4b,d3fca8b239cb,,,,,,,,,,,,,,,
CF-LightGCN,123,100,,1.0,0.685843179772193,0.9487179487179487,0.6022613960113959,156,156,0.08,,,,,True,,,,,,,,,CF,LightGCN,3761e57c-42ed-41ff-911f-34561beb1d4b,d3fca8b239cb,,,,,,,,,,,,,,,
CF-LightGCN,999,100,,1.0,0.7557531583410318,0.9743589743589743,0.6851215913715912,156,156,0.08,,,,,True,,,,,,,,,CF,LightGCN,3761e57c-42ed-41ff-911f-34561beb1d4b,d3fca8b239cb,,,,,,,,,,,,,,,
CF-LightGCN,2024,100,,1.0,0.7371912124553183,0.9487179487179487,0.6682819495319493,156,156,0.08,,,,,True,,,,,,,,,CF,LightGCN,3761e57c-42ed-41ff-911f-34561beb1d4b,d3fca8b239cb,,,,,,,,,,,,,,,
CF-LightGCN,555,100,,1.0,0.7463394118252459,0.9807692307692307,0.6705713268213269,156,156,0.08,,,,,True,,,,,,,,,CF,LightGCN,3761e57c-42ed-41ff-911f-34561beb1d4b,d3fca8b239cb,,,,,,,,,,,,,,,
CF-LightGCN,42,200,,1.0,0.7529322297708436,0.9743589743589743,0.6832137769637769,156,156,0.08,,,,,True,,,,,,,,,CF,LightGCN,3761e57c-42ed-41ff-911f-34561beb1d4b,d3fca8b239cb,,,,,,,,,,,,,,,
CF-LightGCN,123,200,,1.0,0.6998494910942704,0.967948717948718,0.6149343711843712,156,156,0.08,,,,,True,,,,,,,,,CF,LightGCN,3761e57c-42ed-41ff-911f-34561beb1d4b,d3fca8b239cb,,,,,,,,,,,,,,,
CF-LightGCN,999,200,,1.0,0.7187943736412362,0.9551282051282052,0.6427045177045178,156,156,0.08,,,,,True,,,,,,,,,CF,LightGCN,3761e57c-42ed-41ff-911f-34561beb1d4b,d3fca8b239cb,,,,,,,,,,,,,,,
CF-LightGCN,2024,200,,1.0,0.7594626727240537,0.9743589743589743,0.6895706145706144,156,156,0.08,,,,,True,,,,,,,,,CF,LightGCN,3761e57c-42ed-41ff-911f-34561beb1d4b,d3fca8b239cb,,,,,,,,,,,,,,,
CF-LightGCN,555,200,,1.0,0.7540501353514275,0.9743589743589743,0.6834096459096458,156,156,0.08,,,,,True,,,,,,,,,CF,LightGCN,3761e57c-42ed-41ff-911f-34561beb1d4b,d3fca8b239cb,,,,,,,,,,,,,,,
POP-Global,42,50,,1.0,0.24607142225727408,0.4230769230769231,0.1921157875492241,156,156,,,,,,True,,,,,,,,,POP,GlobalMostPopular,3761e57c-42ed-41ff-911f-34561beb1d4b,d3fca8b239cb,,,,,,,,,,,,,,,
POP-Global,42,100,,1.0,0.23661890249353695,0.3974358974358974,0.1874923370755712,156,156,,,,,,True,,,,,,,,,POP,GlobalMostPopular,3761e57c-42ed-41ff-911f-34561beb1d4b,d3fca8b239cb,,,,,,,,,,,,,,,
POP-Global,42,200,,1.0,0.23661890249353695,0.3974358974358974,0.1874923370755712,156,156,,,,,,True,,,,,,,,,POP,GlobalMostPopular,3761e57c-42ed-41ff-911f-34561beb1d4b,d3fca8b239cb,,,,,,,,,,,,,,,
POP-Global,123,50,,1.0,0.22024835091462522,0.4166666666666667,0.16066007634238164,156,156,,,,,,True,,,,,,,,,POP,GlobalMostPopular,3761e57c-42ed-41ff-911f-34561beb1d4b,d3fca8b239cb,,,,,,,,,,,,,,,
POP-Global,123,100,,1.0,0.21339065295792503,0.3974358974358974,0.15745883858232035,156,156,,,,,,True,,,,,,,,,POP,GlobalMostPopular,3761e57c-42ed-41ff-911f-34561beb1d4b,d3fca8b239cb,,,,,,,,,,,,,,,
POP-Global,123,200,,1.0,0.21339065295792503,0.3974358974358974,0.15745883858232035,156,156,,,,,,True,,,,,,,,,POP,GlobalMostPopular,3761e57c-42ed-41ff-911f-34561beb1d4b,d3fca8b239cb,,,,,,,,,,,,,,,
POP-Global,999,50,,1.0,0.22832906042884907,0.42948717948717946,0.16713223721142276,156,156,,,,,,True,,,,,,,,,POP,GlobalMostPopular,3761e57c-42ed-41ff-911f-34561beb1d4b,d3fca8b239cb,,,,,,,,,,,,,,,
POP-Global,999,100,,1.0,0.21962067680069736,0.40384615384615385,0.16326765918186495,156,156,,,,,,True,,,,,,,,,POP,GlobalMostPopular,3761e57c-42ed-41ff-911f-34561beb1d4b,d3fca8b239cb,,,,,,,,,,,,,,,
POP-Global,999,200,,1.0,0.21962067680069736,0.40384615384615385,0.16326765918186495,156,156,,,,,,True,,,,,,,,,POP,GlobalMostPopular,3761e57c-42ed-41ff-911f-34561beb1d4b,d3fca8b239cb,,,,,,,,,,,,,,,
POP-Global,2024,50,,1.0,0.20456246406052764,0.391025641025641,0.14801053459960345,156,156,,,,,,True,,,,,,,,,POP,GlobalMostPopular,3761e57c-42ed-41ff-911f-34561beb1d4b,d3fca8b239cb,,,,,,,,,,,,,,,
POP-Global,2024,100,,1.0,0.20057873188223072,0.3782051282051282,0.14643782611900022,156,156,,,,,,True,,,,,,,,,POP,GlobalMostPopular,3761e57c-42ed-41ff-911f-34561beb1d4b,d3fca8b239cb,,,,,,,,,,,,,,,
POP-Global,2024,200,,1.0,0.20057873188223072,0.3782051282051282,0.14643782611900022,156,156,,,,,,True,,,,,,,,,POP,GlobalMostPopular,3761e57c-42ed-41ff-911f-34561beb1d4b,d3fca8b239cb,,,,,,,,,,,,,,,
POP-Global,555,50,,1.0,0.27331356407010354,0.47435897435897434,0.21204573560342788,156,156,,,,,,True,,,,,,,,,POP,GlobalMostPopular,3761e57c-42ed-41ff-911f-34561beb1d4b,d3fca8b239cb,,,,,,,,,,,,,,,
POP-Global,555,100,,1.0,0.2677547642567512,0.46153846153846156,0.20889434639434634,156,156,,,,,,True,,,,,,,,,POP,GlobalMostPopular,3761e57c-42ed-41ff-911f-34561beb1d4b,d3fca8b239cb,,,,,,,,,,,,,,,
POP-Global,555,200,,1.0,0.2677547642567512,0.46153846153846156,0.20889434639434634,156,156,,,,,,True,,,,,,,,,POP,GlobalMostPopular,3761e57c-42ed-41ff-911f-34561beb1d4b,d3fca8b239cb,,,,,,,,,,,,,,,
POP-Context,42,50,,1.0,0.24607142225727408,0.4230769230769231,0.1921157875492241,156,156,,,,,,True,,,,,,,,,POP,ContextMostPopular,3761e57c-42ed-41ff-911f-34561beb1d4b,d3fca8b239cb,,,,,,,,,,,,,,,
POP-Context,42,100,,1.0,0.23661890249353695,0.3974358974358974,0.1874923370755712,156,156,,,,,,True,,,,,,,,,POP,ContextMostPopular,3761e57c-42ed-41ff-911f-34561beb1d4b,d3fca8b239cb,,,,,,,,,,,,,,,
POP-Context,42,200,,1.0,0.23661890249353695,0.3974358974358974,0.1874923370755712,156,156,,,,,,True,,,,,,,,,POP,ContextMostPopular,3761e57c-42ed-41ff-911f-34561beb1d4b,d3fca8b239cb,,,,,,,,,,,,,,,
POP-Context,123,50,,1.0,0.22024835091462522,0.4166666666666667,0.16066007634238164,156,156,,,,,,True,,,,,,,,,POP,ContextMostPopular,3761e57c-42ed-41ff-911f-34561beb1d4b,d3fca8b239cb,,,,,,,,,,,,,,,
POP-Context,123,100,,1.0,0.21339065295792503,0.3974358974358974,0.15745883858232035,156,156,,,,,,True,,,,,,,,,POP,ContextMostPopular,3761e57c-42ed-41ff-911f-34561beb1d4b,d3fca8b239cb,,,,,,,,,,,,,,,
POP-Context,123,200,,1.0,0.21339065295792503,0.3974358974358974,0.15745883858232035,156,156,,,,,,True,,,,,,,,,POP,ContextMostPopular,3761e57c-42ed-41ff-911f-34561beb1d4b,d3fca8b239cb,,,,,,,,,,,,,,,
POP-Context,999,50,,1.0,0.22832906042884907,0.42948717948717946,0.16713223721142276,156,156,,,,,,True,,,,,,,,,POP,ContextMostPopular,3761e57c-42ed-41ff-911f-34561beb1d4b,d3fca8b239cb,,,,,,,,,,,,,,,
POP-Context,999,100,,1.0,0.21962067680069736,0.40384615384615385,0.16326765918186495,156,156,,,,,,True,,,,,,,,,POP,ContextMostPopular,3761e57c-42ed-41ff-911f-34561beb1d4b,d3fca8b239cb,,,,,,,,,,,,,,,
POP-Context,999,200,,1.0,0.21962067680069736,0.40384615384615385,0.16326765918186495,156,156,,,,,,True,,,,,,,,,POP,ContextMostPopular,3761e57c-42ed-41ff-911f-34561beb1d4b,d3fca8b239cb,,,,,,,,,,,,,,,
POP-Context,2024,50,,1.0,0.20456246406052764,0.391025641025641,0.14801053459960345,156,156,,,,,,True,,,,,,,,,POP,ContextMostPopular,3761e57c-42ed-41ff-911f-34561beb1d4b,d3fca8b239cb,,,,,,,,,,,,,,,
POP-Context,2024,100,,1.0,0.20057873188223072,0.3782051282051282,0.14643782611900022,156,156,,,,,,True,,,,,,,,,POP,ContextMostPopular,3761e57c-42ed-41ff-911f-34561beb1d4b,d3fca8b239cb,,,,,,,,,,,,,,,
POP-Context,2024,200,,1.0,0.20057873188223072,0.3782051282051282,0.14643782611900022,156,156,,,,,,True,,,,,,,,,POP,ContextMostPopular,3761e57c-42ed-41ff-911f-34561beb1d4b,d3fca8b239cb,,,,,,,,,,,,,,,
POP-Context,555,50,,1.0,0.27331356407010354,0.47435897435897434,0.21204573560342788,156,156,,,,,,True,,,,,,,,,POP,ContextMostPopular,3761e57c-42ed-41ff-911f-34561beb1d4b,d3fca8b239cb,,,,,,,,,,,,,,,
POP-Context,555,100,,1.0,0.2677547642567512,0.46153846153846156,0.20889434639434634,156,156,,,,,,True,,,,,,,,,POP,ContextMostPopular,3761e57c-42ed-41ff-911f-34561beb1d4b,d3fca8b239cb,,,,,,,,,,,,,,,
POP-Context,555,200,,1.0,0.2677547642567512,0.46153846153846156,0.20889434639434634,156,156,,,,,,True,,,,,,,,,POP,ContextMostPopular,3761e57c-42ed-41ff-911f-34561beb1d4b,d3fca8b239cb,,,,,,,,,,,,,,,
Hybrid-multilingual-e5-large-LightGCN,42,50,,1.0,0.8161453699283191,0.9615384615384616,0.7673585673585674,156,156,,multilingual-e5-large,LightGCN,WeightedSum,alpha=0.00,False,,,,,,,,,HYBRID,WeightedSum,3761e57c-42ed-41ff-911f-34561beb1d4b,d3fca8b239cb,,,,,,,,,,,,,,,
Hybrid-multilingual-e5-large-LightGCN,42,50,,1.0,0.8232695166877361,0.967948717948718,0.7750043048119973,156,156,,multilingual-e5-large,LightGCN,Cascade,threshold=0.30,False,,,,,,,,,HYBRID,Cascade,3761e57c-42ed-41ff-911f-34561beb1d4b,d3fca8b239cb,,,,,,,,,,,,,,,
Hybrid-multilingual-e5-large-LightGCN,42,50,,1.0,0.7556348904989993,0.9551282051282052,0.6912011599511597,156,156,,multilingual-e5-large,LightGCN,Switching,kw_hit>=0.5->CBF,False,,,,,,,,,HYBRID,Switching,3761e57c-42ed-41ff-911f-34561beb1d4b,d3fca8b239cb,,,,,,,,,,,,,,,
Hybrid-multilingual-e5-large-LightGCN,42,50,,1.0,0.8274324064082157,0.9743589743589743,0.778329772079772,156,156,,multilingual-e5-large,LightGCN,RRF,k_rrf=30,True,,,,,,,,,HYBRID,RRF,3761e57c-42ed-41ff-911f-34561beb1d4b,d3fca8b239cb,,,,,,,,,,,,,,,
Hybrid-multilingual-e5-large-LightGCN,42,100,,1.0,0.8553684550132792,0.9743589743589743,0.8164019016186199,156,156,,multilingual-e5-large,LightGCN,WeightedSum,alpha=0.00,False,,,,,,,,,HYBRID,WeightedSum,3761e57c-42ed-41ff-911f-34561beb1d4b,d3fca8b239cb,,,,,,,,,,,,,,,
Hybrid-multilingual-e5-large-LightGCN,42,100,,1.0,0.8609839654898699,0.9871794871794872,0.819884185566491,156,156,,multilingual-e5-large,LightGCN,Cascade,threshold=0.30,False,,,,,,,,,HYBRID,Cascade,3761e57c-42ed-41ff-911f-34561beb1d4b,d3fca8b239cb,,,,,,,,,,,,,,,
Hybrid-multilingual-e5-large-LightGCN,42,100,,1.0,0.759538669108164,0.9487179487179487,0.6985169922669924,156,156,,multilingual-e5-large,LightGCN,Switching,kw_hit>=0.5->CBF,False,,,,,,,,,HYBRID,Switching,3761e57c-42ed-41ff-911f-34561beb1d4b,d3fca8b239cb,,,,,,,,,,,,,,,
Hybrid-multilingual-e5-large-LightGCN,42,100,,1.0,0.8623175994343006,0.9871794871794872,0.8209808709808709,156,156,,multilingual-e5-large,LightGCN,RRF,k_rrf=10,True,,,,,,,,,HYBRID,RRF,3761e57c-42ed-41ff-911f-34561beb1d4b,d3fca8b239cb,,,,,,,,,,,,,,,
Hybrid-multilingual-e5-large-LightGCN,42,200,,1.0,0.7968092762168519,0.9615384615384616,0.7433896640061799,156,156,,multilingual-e5-large,LightGCN,WeightedSum,alpha=0.00,False,,,,,,,,,HYBRID,WeightedSum,3761e57c-42ed-41ff-911f-34561beb1d4b,d3fca8b239cb,,,,,,,,,,,,,,,
Hybrid-multilingual-e5-large-LightGCN,42,200,,1.0,0.7951326766418091,0.967948717948718,0.7387519406184564,156,156,,multilingual-e5-large,LightGCN,Cascade,threshold=0.30,False,,,,,,,,,HYBRID,Cascade,3761e57c-42ed-41ff-911f-34561beb1d4b,d3fca8b239cb,,,,,,,,,,,,,,,
Hybrid-multilingual-e5-large-LightGCN,42,200,,1.0,0.7469792209388186,0.9551282051282052,0.6808201058201059,156,156,,multilingual-e5-large,LightGCN,Switching,kw_hit>=0.5->CBF,False,,,,,,,,,HYBRID,Switching,3761e57c-42ed-41ff-911f-34561beb1d4b,d3fca8b239cb,,,,,,,,,,,,,,,
Hybrid-multilingual-e5-large-LightGCN,42,200,,1.0,0.8179130181022433,0.9935897435897436,0.761302355052355,156,156,,multilingual-e5-large,LightGCN,RRF,k_rrf=10,True,,,,,,,,,HYBRID,RRF,3761e57c-42ed-41ff-911f-34561beb1d4b,d3fca8b239cb,,,,,,,,,,,,,,,
Hybrid-multilingual-e5-large-LightGCN,123,50,,1.0,0.7734406653662064,0.9807692307692307,0.704898484706177,156,156,,multilingual-e5-large,LightGCN,WeightedSum,alpha=0.00,False,,,,,,,,,HYBRID,WeightedSum,3761e57c-42ed-41ff-911f-34561beb1d4b,d3fca8b239cb,,,,,,,,,,,,,,,
Hybrid-multilingual-e5-large-LightGCN,123,50,,1.0,0.7815557166632571,0.9807692307692307,0.7154512154512155,156,156,,multilingual-e5-large,LightGCN,Cascade,threshold=0.30,False,,,,,,,,,HYBRID,Cascade,3761e57c-42ed-41ff-911f-34561beb1d4b,d3fca8b239cb,,,,,,,,,,,,,,,
Hybrid-multilingual-e5-large-LightGCN,123,50,,1.0,0.7257335533454317,0.9615384615384616,0.6503103378103379,156,156,,multilingual-e5-large,LightGCN,Switching,kw_hit>=0.5->CBF,False,,,,,,,,,HYBRID,Switching,3761e57c-42ed-41ff-911f-34561beb1d4b,d3fca8b239cb,,,,,,,,,,,,,,,
Hybrid-multilingual-e5-large-LightGCN,123,50,,1.0,0.7922527442385625,1.0,0.7233160358160357,156,156,,multilingual-e5-large,LightGCN,RRF,k_rrf=10,True,,,,,,,,,HYBRID,RRF,3761e57c-42ed-41ff-911f-34561beb1d4b,d3fca8b239cb,,,,,,,,,,,,,,,
Hybrid-multilingual-e5-large-LightGCN,123,100,,1.0,0.8015737670216572,0.9551282051282052,0.7503103378103377,156,156,,multilingual-e5-large,LightGCN,WeightedSum,alpha=0.00,False,,,,,,,,,HYBRID,WeightedSum,3761e57c-42ed-41ff-911f-34561beb1d4b,d3fca8b239cb,,,,,,,,,,,,,,,
Hybrid-multilingual-e5-large-LightGCN,123,100,,1.0,0.7958208670041728,0.9551282051282052,0.7424908424908427,156,156,,multilingual-e5-large,LightGCN,Cascade,threshold=0.30,False,,,,,,,,,HYBRID,Cascade,3761e57c-42ed-41ff-911f-34561beb1d4b,d3fca8b239cb,,,,,,,,,,,,,,,
Hybrid-multilingual-e5-large-LightGCN,123,100,,1.0,0.7274586687987673,0.9487179487179487,0.6559065934065936,156,156,,multilingual-e5-large,LightGCN,Switching,kw_hit>=0.5->CBF,False,,,,,,,,,HYBRID,Switching,3761e57c-42ed-41ff-911f-34561beb1d4b,d3fca8b239cb,,,,,,,,,,,,,,,
Hybrid-multilingual-e5-large-LightGCN,123,100,,1.0,0.8234076593651551,0.9871794871794872,0.7686609686609687,156,156,,multilingual-e5-large,LightGCN,RRF,k_rrf=10,True,,,,,,,,,HYBRID,RRF,3761e57c-42ed-41ff-911f-34561beb1d4b,d3fca8b239cb,,,,,,,,,,,,,,,
Hybrid-multilingual-e5-large-LightGCN,123,200,,1.0,0.7679471833812441,0.9487179487179487,0.709099002849003,156,156,,multilingual-e5-large,LightGCN,WeightedSum,alpha=0.00,False,,,,,,,,,HYBRID,WeightedSum,3761e57c-42ed-41ff-911f-34561beb1d4b,d3fca8b239cb,,,,,,,,,,,,,,,
Hybrid-multilingual-e5-large-LightGCN,123,200,,1.0,0.7823607139734812,0.9615384615384616,0.7233945719522645,156,156,,multilingual-e5-large,LightGCN,Cascade,threshold=0.30,False,,,,,,,,,HYBRID,Cascade,3761e57c-42ed-41ff-911f-34561beb1d4b,d3fca8b239cb,,,,,,,,,,,,,,,
Hybrid-multilingual-e5-large-LightGCN,123,200,,1.0,0.6867362025722713,0.9358974358974359,0.6064229751729753,156,156,,multilingual-e5-large,LightGCN,Switching,kw_hit>=0.5->CBF,False,,,,,,,,,HYBRID,Switching,3761e57c-42ed-41ff-911f-34561beb1d4b,d3fca8b239cb,,,,,,,,,,,,,,,
Hybrid-multilingual-e5-large-LightGCN,123,200,,1.0,0.781821768894776,0.9615384615384616,0.7212403337403338,156,156,,multilingual-e5-large,LightGCN,RRF,k_rrf=10,True,,,,,,,,,HYBRID,RRF,3761e57c-42ed-41ff-911f-34561beb1d4b,d3fca8b239cb,,,,,,,,,,,,,,,
Hybrid-multilingual-e5-large-LightGCN,999,50,,1.0,0.8335442377678317,0.967948717948718,0.7888122561199485,156,156,,multilingual-e5-large,LightGCN,WeightedSum,alpha=0.00,False,,,,,,,,,HYBRID,WeightedSum,3761e57c-42ed-41ff-911f-34561beb1d4b,d3fca8b239cb,,,,,,,,,,,,,,,
Hybrid-multilingual-e5-large-LightGCN,999,50,,1.0,0.845895945190583,0.9807692307692307,0.801356696973213,156,156,,multilingual-e5-large,LightGCN,Cascade,threshold=0.30,False,,,,,,,,,HYBRID,Cascade,3761e57c-42ed-41ff-911f-34561beb1d4b,d3fca8b239cb,,,,,,,,,,,,,,,
Hybrid-multilingual-e5-large-LightGCN,999,50,,1.0,0.7386793036953737,0.9358974358974359,0.6740740740740744,156,156,,multilingual-e5-large,LightGCN,Switching,kw_hit>=0.5->CBF,False,,,,,,,,,HYBRID,Switching,3761e57c-42ed-41ff-911f-34561beb1d4b,d3fca8b239cb,,,,,,,,,,,,,,,
Hybrid-multilingual-e5-large-LightGCN,999,50,,1.0,0.8337512130091695,0.9807692307692307,0.784437321937322,156,156,,multilingual-e5-large,LightGCN,RRF,k_rrf=10,True,,,,,,,,,HYBRID,RRF,3761e57c-42ed-41ff-911f-34561beb1d4b,d3fca8b239cb,,,,,,,,,,,,,,,
Hybrid-multilingual-e5-large-LightGCN,999,100,,1.0,0.8399954884392301,0.9743589743589743,0.7958808819385741,156,156,,multilingual-e5-large,LightGCN,WeightedSum,alpha=0.00,False,,,,,,,,,HYBRID,WeightedSum,3761e57c-42ed-41ff-911f-34561beb1d4b,d3fca8b239cb,,,,,,,,,,,,,,,
Hybrid-multilingual-e5-large-LightGCN,999,100,,1.0,0.8436233961056038,0.9807692307692307,0.7984126984126985,156,156,,multilingual-e5-large,LightGCN,Cascade,threshold=0.30,False,,,,,,,,,HYBRID,Cascade,3761e57c-42ed-41ff-911f-34561beb1d4b,d3fca8b239cb,,,,,,,,,,,,,,,
Hybrid-multilingual-e5-large-LightGCN,999,100,,1.0,0.735361157042524,0.9487179487179487,0.6664987789987792,156,156,,multilingual-e5-large,LightGCN,Switching,kw_hit>=0.5->CBF,False,,,,,,,,,HYBRID,Switching,3761e57c-42ed-41ff-911f-34561beb1d4b,d3fca8b239cb,,,,,,,,,,,,,,,
Hybrid-multilingual-e5-large-LightGCN,999,100,,1.0,0.8467973415281085,0.9871794871794872,0.8005418192918193,156,156,,multilingual-e5-large,LightGCN,RRF,k_rrf=10,True,,,,,,,,,HYBRID,RRF,3761e57c-42ed-41ff-911f-34561beb1d4b,d3fca8b239cb,,,,,,,,,,,,,,,
Hybrid-multilingual-e5-large-LightGCN,999,200,,1.0,0.8355263374425069,0.9871794871794872,0.7866096866096868,156,156,,multilingual-e5-large,LightGCN,WeightedSum,alpha=0.00,False,,,,,,,,,HYBRID,WeightedSum,3761e57c-42ed-41ff-911f-34561beb1d4b,d3fca8b239cb,,,,,,,,,,,,,,,
Hybrid-multilingual-e5-large-LightGCN,999,200,,1.0,0.8438246708252793,0.9807692307692307,0.7987692862692863,156,156,,multilingual-e5-large,LightGCN,Cascade,threshold=0.30,False,,,,,,,,,HYBRID,Cascade,3761e57c-42ed-41ff-911f-34561beb1d4b,d3fca8b239cb,,,,,,,,,,,,,,,
Hybrid-multilingual-e5-large-LightGCN,999,200,,1.0,0.704402325780513,0.9230769230769231,0.6339183964183968,156,156,,multilingual-e5-large,LightGCN,Switching,kw_hit>=0.5->CBF,False,,,,,,,,,HYBRID,Switching,3761e57c-42ed-41ff-911f-34561beb1d4b,d3fca8b239cb,,,,,,,,,,,,,,,
Hybrid-multilingual-e5-large-LightGCN,999,200,,1.0,0.8379752682463334,0.9807692307692307,0.790481277981278,156,156,,multilingual-e5-large,LightGCN,RRF,k_rrf=30,True,,,,,,,,,HYBRID,RRF,3761e57c-42ed-41ff-911f-34561beb1d4b,d3fca8b239cb,,,,,,,,,,,,,,,
Hybrid-multilingual-e5-large-LightGCN,2024,50,,1.0,0.8130914992960631,0.9615384615384616,0.7642838399417348,156,156,,multilingual-e5-large,LightGCN,WeightedSum,alpha=0.00,False,,,,,,,,,HYBRID,WeightedSum,3761e57c-42ed-41ff-911f-34561beb1d4b,d3fca8b239cb,,,,,,,,,,,,,,,
Hybrid-multilingual-e5-large-LightGCN,2024,50,,1.0,0.8198687596565605,0.9743589743589743,0.7694488546655732,156,156,,multilingual-e5-large,LightGCN,Cascade,threshold=0.30,False,,,,,,,,,HYBRID,Cascade,3761e57c-42ed-41ff-911f-34561beb1d4b,d3fca8b239cb,,,,,,,,,,,,,,,
Hybrid-multilingual-e5-large-LightGCN,2024,50,,1.0,0.7150663034924607,0.9423076923076923,0.6422135734635738,156,156,,multilingual-e5-large,LightGCN,Switching,kw_hit>=0.5->CBF,False,,,,,,,,,HYBRID,Switching,3761e57c-42ed-41ff-911f-34561beb1d4b,d3fca8b239cb,,,,,,,,,,,,,,,
Hybrid-multilingual-e5-large-LightGCN,2024,50,,1.0,0.8392948421338107,0.9935897435897436,0.7885302197802198,156,156,,multilingual-e5-large,LightGCN,RRF,k_rrf=10,True,,,,,,,,,HYBRID,RRF,3761e57c-42ed-41ff-911f-34561beb1d4b,d3fca8b239cb,,,,,,,,,,,,,,,
Hybrid-multilingual-e5-large-LightGCN,2024,100,,1.0,0.8107838910236161,0.9487179487179487,0.7661595757183992,156,156,,multilingual-e5-large,LightGCN,WeightedSum,alpha=0.00,False,,,,,,,,,HYBRID,WeightedSum,3761e57c-42ed-41ff-911f-34561beb1d4b,d3fca8b239cb,,,,,,,,,,,,,,,
Hybrid-multilingual-e5-large-LightGCN,2024,100,,1.0,0.8181058029534427,0.9615384615384616,0.7714697339697343,156,156,,multilingual-e5-large,LightGCN,Cascade,threshold=0.30,False,,,,,,,,,HYBRID,Cascade,3761e57c-42ed-41ff-911f-34561beb1d4b,d3fca8b239cb,,,,,,,,,,,,,,,
Hybrid-multilingual-e5-large-LightGCN,2024,100,,1.0,0.6773685052928256,0.9166666666666666,0.597886141636142,156,156,,multilingual-e5-large,LightGCN,Switching,kw_hit>=0.5->CBF,False,,,,,,,,,HYBRID,Switching,3761e57c-42ed-41ff-911f-34561beb1d4b,d3fca8b239cb,,,,,,,,,,,,,,,
Hybrid-multilingual-e5-large-LightGCN,2024,100,,1.0,0.8372811030526114,0.9743589743589743,0.7921957671957672,156,156,,multilingual-e5-large,LightGCN,RRF,k_rrf=10,True,,,,,,,,,HYBRID,RRF,3761e57c-42ed-41ff-911f-34561beb1d4b,d3fca8b239cb,,,,,,,,,,,,,,,
Hybrid-multilingual-e5-large-LightGCN,2024,200,,1.0,0.8149350907577203,0.9551282051282052,0.7686463755542706,156,156,,multilingual-e5-large,LightGCN,WeightedSum,alpha=0.00,False,,,,,,,,,HYBRID,WeightedSum,3761e57c-42ed-41ff-911f-34561beb1d4b,d3fca8b239cb,,,,,,,,,,,,,,,
Hybrid-multilingual-e5-large-LightGCN,2024,200,,1.0,0.822805235362278,0.9615384615384616,0.7765192896771846,156,156,,multilingual-e5-large,LightGCN,Cascade,threshold=0.30,False,,,,,,,,,HYBRID,Cascade,3761e57c-42ed-41ff-911f-34561beb1d4b,d3fca8b239cb,,,,,,,,,,,,,,,
Hybrid-multilingual-e5-large-LightGCN,2024,200,,1.0,0.6890942996109376,0.9230769230769231,0.6120344932844936,156,156,,multilingual-e5-large,LightGCN,Switching,kw_hit>=0.5->CBF,False,,,,,,,,,HYBRID,Switching,3761e57c-42ed-41ff-911f-34561beb1d4b,d3fca8b239cb,,,,,,,,,,,,,,,
Hybrid-multilingual-e5-large-LightGCN,2024,200,,1.0,0.8397997708351076,0.9807692307692307,0.7928952991452993,156,156,,multilingual-e5-large,LightGCN,RRF,k_rrf=10,True,,,,,,,,,HYBRID,RRF,3761e57c-42ed-41ff-911f-34561beb1d4b,d3fca8b239cb,,,,,,,,,,,,,,,
Hybrid-multilingual-e5-large-LightGCN,555,50,,1.0,0.8656915326025247,0.9935897435897436,0.8236321305400255,156,156,,multilingual-e5-large,LightGCN,WeightedSum,alpha=0.00,False,,,,,,,,,HYBRID,WeightedSum,3761e57c-42ed-41ff-911f-34561beb1d4b,d3fca8b239cb,,,,,,,,,,,,,,,
Hybrid-multilingual-e5-large-LightGCN,555,50,,1.0,0.8598603098751263,0.9935897435897436,0.8154234410813361,156,156,,multilingual-e5-large,LightGCN,Cascade,threshold=0.30,False,,,,,,,,,HYBRID,Cascade,3761e57c-42ed-41ff-911f-34561beb1d4b,d3fca8b239cb,,,,,,,,,,,,,,,
Hybrid-multilingual-e5-large-LightGCN,555,50,,1.0,0.774643787129555,0.9487179487179487,0.7175442612942613,156,156,,multilingual-e5-large,LightGCN,Switching,kw_hit>=0.5->CBF,False,,,,,,,,,HYBRID,Switching,3761e57c-42ed-41ff-911f-34561beb1d4b,d3fca8b239cb,,,,,,,,,,,,,,,
Hybrid-multilingual-e5-large-LightGCN,555,50,,1.0,0.8657552552942053,1.0,0.8208943833943837,156,156,,multilingual-e5-large,LightGCN,RRF,k_rrf=10,True,,,,,,,,,HYBRID,RRF,3761e57c-42ed-41ff-911f-34561beb1d4b,d3fca8b239cb,,,,,,,,,,,,,,,
Hybrid-multilingual-e5-large-LightGCN,555,100,,1.0,0.8452168583880431,0.967948717948718,0.8045762108262109,156,156,,multilingual-e5-large,LightGCN,WeightedSum,alpha=0.00,False,,,,,,,,,HYBRID,WeightedSum,3761e57c-42ed-41ff-911f-34561beb1d4b,d3fca8b239cb,,,,,,,,,,,,,,,
Hybrid-multilingual-e5-large-LightGCN,555,100,,1.0,0.8458968905914506,0.967948717948718,0.8050086487586489,156,156,,multilingual-e5-large,LightGCN,Cascade,threshold=0.30,False,,,,,,,,,HYBRID,Cascade,3761e57c-42ed-41ff-911f-34561beb1d4b,d3fca8b239cb,,,,,,,,,,,,,,,
Hybrid-multilingual-e5-large-LightGCN,555,100,,1.0,0.7509890652767156,0.9423076923076923,0.6884666259666261,156,156,,multilingual-e5-large,LightGCN,Switching,kw_hit>=0.5->CBF,False,,,,,,,,,HYBRID,Switching,3761e57c-42ed-41ff-911f-34561beb1d4b,d3fca8b239cb,,,,,,,,,,,,,,,
Hybrid-multilingual-e5-large-LightGCN,555,100,,1.0,0.858041966319534,0.9871794871794872,0.8150259462759462,156,156,,multilingual-e5-large,LightGCN,RRF,k_rrf=10,True,,,,,,,,,HYBRID,RRF,3761e57c-42ed-41ff-911f-34561beb1d4b,d3fca8b239cb,,,,,,,,,,,,,,,
Hybrid-multilingual-e5-large-LightGCN,555,200,,1.0,0.8282177882956049,0.9871794871794872,0.7765745828245827,156,156,,multilingual-e5-large,LightGCN,WeightedSum,alpha=0.00,False,,,,,,,,,HYBRID,WeightedSum,3761e57c-42ed-41ff-911f-34561beb1d4b,d3fca8b239cb,,,,,,,,,,,,,,,
Hybrid-multilingual-e5-large-LightGCN,555,200,,1.0,0.8335348115585353,0.9871794871794872,0.7831705331705332,156,156,,multilingual-e5-large,LightGCN,Cascade,threshold=0.30,False,,,,,,,,,HYBRID,Cascade,3761e57c-42ed-41ff-911f-34561beb1d4b,d3fca8b239cb,,,,,,,,,,,,,,,
Hybrid-multilingual-e5-large-LightGCN,555,200,,1.0,0.7546799245199516,0.9423076923076923,0.693381155881156,156,156,,multilingual-e5-large,LightGCN,Switching,kw_hit>=0.5->CBF,False,,,,,,,,,HYBRID,Switching,3761e57c-42ed-41ff-911f-34561beb1d4b,d3fca8b239cb,,,,,,,,,,,,,,,
Hybrid-multilingual-e5-large-LightGCN,555,200,,1.0,0.8520202960233109,0.9935897435897436,0.8053317053317053,156,156,,multilingual-e5-large,LightGCN,RRF,k_rrf=10,True,,,,,,,,,HYBRID,RRF,3761e57c-42ed-41ff-911f-34561beb1d4b,d3fca8b239cb,,,,,,,,,,,,,,,
Hybrid+XAI-multilingual-e5-large-LightGCN,42,50,,1.0,0.8274324064082157,0.9743589743589743,0.778329772079772,156,156,,multilingual-e5-large,LightGCN,RRF,,True,"a=0.00, thr=0.30",Balanced,"{'Balanced': 147, 'CF-dominant': 8, 'Context-only': 1}",XAI routing: Balanced dominant (147 cases),0.4256410256410257,19.244871794871795,0.9385964912280702,3.9743589743589745,HYBRID,XAI-RRF,3761e57c-42ed-41ff-911f-34561beb1d4b,d3fca8b239cb,0.05689470714037789,1.0,0.9423076923076923,3.9743589743589745,0.4256410256410257,19.244871794871795,0.8248270849611385,1.0,0.7978841056738005,0.9646017699115044,1.0,1.0,0.7783431661750246,1.0,0.7297297297297297
Hybrid+XAI-multilingual-e5-large-LightGCN,42,100,,1.0,0.8623175994343006,0.9871794871794872,0.8209808709808709,156,156,,multilingual-e5-large,LightGCN,RRF,,True,"a=0.00, thr=0.30",Balanced,"{'Balanced': 150, 'Keyword-driven': 1, 'Context-only': 2, 'CF-dominant': 3}",XAI routing: Balanced dominant (150 cases),0.4339743589743589,19.253205128205128,0.9298245614035088,2.9551282051282053,HYBRID,XAI-RRF,3761e57c-42ed-41ff-911f-34561beb1d4b,d3fca8b239cb,0.14276958314439525,1.0,0.9615384615384616,2.9551282051282053,0.433974358974359,19.253205128205128,0.8612991376942477,0.9384882922619097,0.8562649015559183,0.9823008849557522,1.0,1.0,0.8214075010535188,0.9166666666666666,0.8086658086658087
Hybrid+XAI-multilingual-e5-large-LightGCN,42,200,,1.0,0.8179130181022433,0.9935897435897436,0.761302355052355,156,156,,multilingual-e5-large,LightGCN,RRF,,True,"a=0.00, thr=0.30",Balanced,"{'Balanced': 146, 'Keyword-driven': 1, 'CF-dominant': 7, 'Context-only': 2}",XAI routing: Balanced dominant (146 cases),0.4025641025641025,19.590384615384615,0.9035087719298246,2.9358974358974357,HYBRID,XAI-RRF,3761e57c-42ed-41ff-911f-34561beb1d4b,d3fca8b239cb,0.12710391155196657,1.0,0.9358974358974359,2.9358974358974357,0.4025641025641025,19.590384615384615,0.8207917060908567,1.0,0.8038955224460517,0.9911504424778761,1.0,1.0,0.7658800393313668,1.0,0.7424388674388674
Hybrid+XAI-multilingual-e5-large-LightGCN,123,50,,1.0,0.7922527442385625,1.0,0.7233160358160357,156,156,,multilingual-e5-large,LightGCN,RRF,,True,"a=0.00, thr=0.30",Balanced,"{'Balanced': 146, 'CF-dominant': 8, 'Context-only': 1, 'Keyword-driven': 1}",XAI routing: Balanced dominant (146 cases),0.43205128205128207,19.698076923076922,0.9473684210526315,4.089743589743589,HYBRID,XAI-RRF,3761e57c-42ed-41ff-911f-34561beb1d4b,d3fca8b239cb,0.1198810083477084,1.0,0.9358974358974359,4.089743589743589,0.43205128205128207,19.698076923076922,0.7966004823457983,0.8769765845238192,0.7414845076333995,1.0,1.0,1.0,0.7287610619469026,0.8333333333333334,0.6573144573144573
Hybrid+XAI-multilingual-e5-large-LightGCN,123,100,,1.0,0.8234076593651551,0.9871794871794872,0.7686609686609687,156,156,,multilingual-e5-large,LightGCN,RRF,,True,"a=0.00, thr=0.30",Balanced,"{'Balanced': 146, 'CF-dominant': 8, 'Keyword-driven': 1, 'Context-only': 1}",XAI routing: Balanced dominant (146 cases),0.41538461538461535,19.438461538461535,0.9210526315789473,4.358974358974359,HYBRID,XAI-RRF,3761e57c-42ed-41ff-911f-34561beb1d4b,d3fca8b239cb,0.1192959587993845,1.0,0.9358974358974359,4.358974358974359,0.41538461538461535,19.43846153846154,0.847320724739079,0.7529637601343332,0.7779476779403922,0.9911504424778761,1.0,0.972972972972973,0.7992625368731563,0.6722222222222222,0.7133633633633634
Hybrid+XAI-multilingual-e5-large-LightGCN,123,200,,1.0,0.781821768894776,0.9615384615384616,0.7212403337403338,156,156,,multilingual-e5-large,LightGCN,RRF,,True,"a=0.00, thr=0.30",Balanced,"{'Balanced': 141, 'Context-only': 4, 'CF-dominant': 10, 'Keyword-driven': 1}",XAI routing: Balanced dominant (141 cases),0.41282051282051285,19.536538461538463,0.9210526315789473,3.7884615384615383,HYBRID,XAI-RRF,3761e57c-42ed-41ff-911f-34561beb1d4b,d3fca8b239cb,0.12133828490761814,1.0,0.9038461538461539,3.7884615384615383,0.41282051282051285,19.53653846153846,0.8022002741711898,0.793643251190486,0.735902546638635,0.9646017699115044,1.0,0.9459459459459459,0.7477876106194691,0.7222222222222222,0.6651651651651651
Hybrid+XAI-multilingual-e5-large-LightGCN,999,50,,1.0,0.8337512130091695,0.9807692307692307,0.784437321937322,156,156,,multilingual-e5-large,LightGCN,RRF,,True,"a=0.00, thr=0.30",Balanced,"{'Balanced': 148, 'CF-dominant': 8}",XAI routing: Balanced dominant (148 cases),0.4269230769230769,18.85705128205128,0.9210526315789473,2.871794871794872,HYBRID,XAI-RRF,3761e57c-42ed-41ff-911f-34561beb1d4b,d3fca8b239cb,0.14080652773037458,1.0,0.9487179487179487,2.871794871794872,0.4269230769230769,18.85705128205128,0.8334440673642545,0.8769765845238192,0.8172965971294045,0.9823008849557522,1.0,0.972972972972973,0.7842674532940019,0.8333333333333334,0.7635135135135135
Hybrid+XAI-multilingual-e5-large-LightGCN,999,100,,1.0,0.8467973415281085,0.9871794871794872,0.8005418192918193,156,156,,multilingual-e5-large,LightGCN,RRF,,True,"a=0.00, thr=0.30",Balanced,"{'Balanced': 150, 'Context-only': 1, 'CF-dominant': 5}",XAI routing: Balanced dominant (150 cases),0.4416666666666667,18.65897435897436,0.9298245614035088,3.032051282051282,HYBRID,XAI-RRF,3761e57c-42ed-41ff-911f-34561beb1d4b,d3fca8b239cb,0.15908284297691194,1.0,0.9615384615384616,3.032051282051282,0.4416666666666667,18.65897435897436,0.8398413341615717,0.8333333333333334,0.8865773265468849,0.9823008849557522,1.0,1.0,0.7936683522966709,0.7777777777777778,0.8477477477477477
Hybrid+XAI-multilingual-e5-large-LightGCN,999,200,,1.0,0.8379752682463334,0.9807692307692307,0.790481277981278,156,156,,multilingual-e5-large,LightGCN,RRF,,True,"a=0.00, thr=0.30",Balanced,"{'Balanced': 146, 'Context-only': 4, 'CF-dominant': 5, 'Keyword-driven': 1}",XAI routing: Balanced dominant (146 cases),0.4358974358974359,18.335256410256413,0.9035087719298246,5.044871794871795,HYBRID,XAI-RRF,3761e57c-42ed-41ff-911f-34561beb1d4b,d3fca8b239cb,0.0693398799982332,1.0,0.9358974358974359,5.044871794871795,0.4358974358974359,18.335256410256413,0.8305279148728678,0.9166666666666666,0.8484128330562201,0.9734513274336283,1.0,1.0,0.7827784801236128,0.8888888888888888,0.798948948948949
Hybrid+XAI-multilingual-e5-large-LightGCN,2024,50,,1.0,0.8392948421338107,0.9935897435897436,0.7885302197802198,156,156,,multilingual-e5-large,LightGCN,RRF,,True,"a=0.00, thr=0.30",Balanced,"{'Balanced': 142, 'CF-dominant': 13, 'Keyword-driven': 1}",XAI routing: Balanced dominant (142 cases),0.47820512820512817,18.510897435897437,0.956140350877193,3.371794871794872,HYBRID,XAI-RRF,3761e57c-42ed-41ff-911f-34561beb1d4b,d3fca8b239cb,0.12849028323110487,1.0,0.9102564102564102,3.371794871794872,0.47820512820512817,18.510897435897434,0.8391320607927338,0.7628873973214406,0.8612153349697188,0.9911504424778761,1.0,1.0,0.789794915016154,0.6875,0.813963963963964
Hybrid+XAI-multilingual-e5-large-LightGCN,2024,100,,1.0,0.8372811030526114,0.9743589743589743,0.7921957671957672,156,156,,multilingual-e5-large,LightGCN,RRF,,True,"a=0.00, thr=0.30",Balanced,"{'Balanced': 143, 'Context-only': 2, 'CF-dominant': 11}",XAI routing: Balanced dominant (143 cases),0.47692307692307695,17.608333333333334,0.9473684210526315,2.9743589743589745,HYBRID,XAI-RRF,3761e57c-42ed-41ff-911f-34561beb1d4b,d3fca8b239cb,0.14353414572443524,1.0,0.9166666666666666,2.9743589743589745,0.47692307692307695,17.608333333333334,0.8414803133374926,0.7529637601343332,0.835465532976873,0.9734513274336283,1.0,0.972972972972973,0.7981668773704171,0.6722222222222222,0.7906477906477907
Hybrid+XAI-multilingual-e5-large-LightGCN,2024,200,,1.0,0.8397997708351076,0.9807692307692307,0.7928952991452993,156,156,,multilingual-e5-large,LightGCN,RRF,,True,"a=0.00, thr=0.30",Balanced,"{'Balanced': 146, 'CF-dominant': 7, 'Context-only': 3}",XAI routing: Balanced dominant (146 cases),0.45448717948717954,18.352564102564102,0.9298245614035088,3.108974358974359,HYBRID,XAI-RRF,3761e57c-42ed-41ff-911f-34561beb1d4b,d3fca8b239cb,0.12523267050809098,1.0,0.9358974358974359,3.108974358974359,0.45448717948717954,18.352564102564102,0.8337245804224249,0.8311894901132466,0.8693165999562577,0.9734513274336283,1.0,1.0,0.7875368731563421,0.7777777777777778,0.8252252252252251
Hybrid+XAI-multilingual-e5-large-LightGCN,555,50,,1.0,0.8657552552942053,1.0,0.8208943833943837,156,156,,multilingual-e5-large,LightGCN,RRF,,True,"a=0.00, thr=0.30",Balanced,"{'Balanced': 150, 'CF-dominant': 5, 'Context-only': 1}",XAI routing: Balanced dominant (150 cases),0.4198717948717949,20.27115384615384,0.9122807017543859,3.608974358974359,HYBRID,XAI-RRF,3761e57c-42ed-41ff-911f-34561beb1d4b,d3fca8b239cb,0.12455894266776336,1.0,0.9615384615384616,3.608974358974359,0.4198717948717949,20.271153846153847,0.866105424954518,0.8436010519408085,0.8878198707388488,1.0,1.0,1.0,0.8215339233038348,0.7916666666666666,0.8507078507078507
Hybrid+XAI-multilingual-e5-large-LightGCN,555,100,,1.0,0.858041966319534,0.9871794871794872,0.8150259462759462,156,156,,multilingual-e5-large,LightGCN,RRF,,True,"a=0.00, thr=0.30",Balanced,"{'Balanced': 147, 'CF-dominant': 7, 'Context-only': 2}",XAI routing: Balanced dominant (147 cases),0.4358974358974359,20.386538461538464,0.9035087719298246,3.6025641025641026,HYBRID,XAI-RRF,3761e57c-42ed-41ff-911f-34561beb1d4b,d3fca8b239cb,0.14493539571839614,1.0,0.9423076923076923,3.6025641025641026,0.4358974358974359,20.386538461538464,0.8547520985431712,0.8551549589285763,0.8747311699897622,0.9823008849557522,1.0,1.0,0.8123261694058155,0.8055555555555555,0.8338159588159588
Hybrid+XAI-multilingual-e5-large-LightGCN,555,200,,1.0,0.8520202960233109,0.9935897435897436,0.8053317053317053,156,156,,multilingual-e5-large,LightGCN,RRF,,True,"a=0.00, thr=0.30",Balanced,"{'Balanced': 147, 'Context-only': 5, 'CF-dominant': 4}",XAI routing: Balanced dominant (147 cases),0.4198717948717949,19.57371794871795,0.9122807017543859,3.5064102564102564,HYBRID,XAI-RRF,3761e57c-42ed-41ff-911f-34561beb1d4b,d3fca8b239cb,0.13105552616310726,1.0,0.9423076923076923,3.5064102564102564,0.4198717948717949,19.57371794871795,0.8439469357950772,0.8436010519408085,0.8852817721087353,0.9911504424778761,1.0,1.0,0.7954628459053238,0.7916666666666666,0.8475975975975976
