model_family,Model,model_name,MAX_CANDS,user_bin,nDCG10_mean,nDCG10_std,HR10_mean,HR10_std,MRR10_mean,MRR10_std,n_users,n_interactions,feasible_cases,total_cases,n_seeds_success,bin_rule,nDCG@10,HR@10,MRR@10
CBF,CBF-Qwen2-0.5B,Qwen2-0.5B,50,cold,0.7115271004581469,0.2988022614956813,0.9646017699115044,0.18494792921707598,0.6311907463234896,0.3674134085348347,113,4.707964601769912,565,565,5,"≤12,13–19,≥20",0.7115±0.2988,0.9646,0.6312
CBF,CBF-Qwen2-0.5B,Qwen2-0.5B,50,heavy,0.6992511888433869,0.3264545738883649,0.9666666666666667,0.18257418583505536,0.6182275132275132,0.4036912459642327,6,21.666666666666668,30,30,5,"≤12,13–19,≥20",0.6993±0.3265,0.9667,0.6182
CBF,CBF-Qwen2-0.5B,Qwen2-0.5B,50,mid,0.7034693766569061,0.3042332106275158,0.9621621621621622,0.19132170629504508,0.6217374517374518,0.3735159149401048,37,15.837837837837839,185,185,5,"≤12,13–19,≥20",0.7035±0.3042,0.9622,0.6217
CBF,CBF-Qwen2-0.5B,Qwen2-0.5B,100,cold,0.6985785445480867,0.29976003305917115,0.95929203539823,0.1977879300496673,0.6154817208357032,0.3659880258864871,113,4.707964601769912,565,565,5,"≤12,13–19,≥20",0.6986±0.2998,0.9593,0.6155
CBF,CBF-Qwen2-0.5B,Qwen2-0.5B,100,heavy,0.7105785857941574,0.3640330498144175,0.9,0.30512857662936466,0.6525396825396825,0.4181662825383655,6,21.666666666666668,30,30,5,"≤12,13–19,≥20",0.7106±0.3640,0.9000,0.6525
CBF,CBF-Qwen2-0.5B,Qwen2-0.5B,100,mid,0.7367179071377215,0.30183778396074645,0.9621621621621622,0.19132170629504497,0.66496567996568,0.3697683895622523,37,15.837837837837839,185,185,5,"≤12,13–19,≥20",0.7367±0.3018,0.9622,0.6650
CBF,CBF-Qwen2-0.5B,Qwen2-0.5B,200,cold,0.7045125909031674,0.31454584051259565,0.9486725663716814,0.22086027973472577,0.6276087825645348,0.37916383545010185,113,4.707964601769912,565,565,5,"≤12,13–19,≥20",0.7045±0.3145,0.9487,0.6276
CBF,CBF-Qwen2-0.5B,Qwen2-0.5B,200,heavy,0.6947062974868263,0.3283057409792074,0.9333333333333333,0.2537081317024624,0.6197089947089948,0.38760229087515236,6,21.666666666666668,30,30,5,"≤12,13–19,≥20",0.6947±0.3283,0.9333,0.6197
CBF,CBF-Qwen2-0.5B,Qwen2-0.5B,200,mid,0.7026740941633628,0.29147552919395586,0.972972972972973,0.16260222311279166,0.6166934161051808,0.36317112971608495,37,15.837837837837839,185,185,5,"≤12,13–19,≥20",0.7027±0.2915,0.9730,0.6167
CBF,CBF-bge-m3,bge-m3,50,cold,0.8687592075904103,0.22524914744476127,0.9964601769911504,0.059443643284366174,0.8269286416631549,0.2936194108367996,113,4.707964601769912,565,565,5,"≤12,13–19,≥20",0.8688±0.2252,0.9965,0.8269
CBF,CBF-bge-m3,bge-m3,50,heavy,0.8176212838590436,0.23560895888386107,1.0,0.0,0.7566666666666666,0.3127127628202139,6,21.666666666666668,30,30,5,"≤12,13–19,≥20",0.8176±0.2356,1.0000,0.7567
CBF,CBF-bge-m3,bge-m3,50,mid,0.8446917267942251,0.23595728994949194,0.9891891891891892,0.10369212315422187,0.7964178464178464,0.30204493932514764,37,15.837837837837839,185,185,5,"≤12,13–19,≥20",0.8447±0.2360,0.9892,0.7964
CBF,CBF-bge-m3,bge-m3,100,cold,0.8604673447000759,0.23793531536746323,0.984070796460177,0.1253126385897367,0.8195582244697289,0.2982907883005316,113,4.707964601769912,565,565,5,"≤12,13–19,≥20",0.8605±0.2379,0.9841,0.8196
CBF,CBF-bge-m3,bge-m3,100,heavy,0.8515908766776659,0.2546411486929255,1.0,0.0,0.8049999999999999,0.3337109929563654,6,21.666666666666668,30,30,5,"≤12,13–19,≥20",0.8516±0.2546,1.0000,0.8050
CBF,CBF-bge-m3,bge-m3,100,mid,0.84683766066912,0.22841609007391311,0.9945945945945946,0.07352146220938076,0.7975418275418276,0.29702330672718114,37,15.837837837837839,185,185,5,"≤12,13–19,≥20",0.8468±0.2284,0.9946,0.7975
CBF,CBF-bge-m3,bge-m3,200,cold,0.8664817198927302,0.23045814816230611,0.9964601769911504,0.059443643284366174,0.8244086248068548,0.2995525663757747,113,4.707964601769912,565,565,5,"≤12,13–19,≥20",0.8665±0.2305,0.9965,0.8244
CBF,CBF-bge-m3,bge-m3,200,heavy,0.8533681132738159,0.21899756805140888,1.0,0.0,0.8041666666666667,0.29056648001850605,6,21.666666666666668,30,30,5,"≤12,13–19,≥20",0.8534±0.2190,1.0000,0.8042
CBF,CBF-bge-m3,bge-m3,200,mid,0.8549520644093417,0.2239633480621914,1.0,0.0,0.807033462033462,0.2961098307260598,37,15.837837837837839,185,185,5,"≤12,13–19,≥20",0.8550±0.2240,1.0000,0.8070
CBF,CBF-multilingual-e5-large,multilingual-e5-large,50,cold,0.8739724087289283,0.21933298109351132,0.9964601769911504,0.05944364328436618,0.8335559769630565,0.2861864279682185,113,4.707964601769912,565,565,5,"≤12,13–19,≥20",0.8740±0.2193,0.9965,0.8336
CBF,CBF-multilingual-e5-large,multilingual-e5-large,50,heavy,0.8799236254066617,0.21082210410980368,1.0,0.0,0.84,0.27921619907117634,6,21.666666666666668,30,30,5,"≤12,13–19,≥20",0.8799±0.2108,1.0000,0.8400
CBF,CBF-multilingual-e5-large,multilingual-e5-large,50,mid,0.8596402116210948,0.23067719110122067,0.9945945945945946,0.07352146220938077,0.8153410553410553,0.29887370911471844,37,15.837837837837839,185,185,5,"≤12,13–19,≥20",0.8596±0.2307,0.9946,0.8153
CBF,CBF-multilingual-e5-large,multilingual-e5-large,100,cold,0.8725129025824447,0.22703547305967303,0.9893805309734514,0.10259300559779845,0.8338226522739797,0.28899638667524924,113,4.707964601769912,565,565,5,"≤12,13–19,≥20",0.8725±0.2270,0.9894,0.8338
CBF,CBF-multilingual-e5-large,multilingual-e5-large,100,heavy,0.8777749145863909,0.22988614247642497,1.0,0.0,0.8386111111111111,0.3024048196839322,6,21.666666666666668,30,30,5,"≤12,13–19,≥20",0.8778±0.2299,1.0000,0.8386
CBF,CBF-multilingual-e5-large,multilingual-e5-large,100,mid,0.8691356362714532,0.21406591821646595,1.0,0.0,0.8258537108537108,0.282581588544378,37,15.837837837837839,185,185,5,"≤12,13–19,≥20",0.8691±0.2141,1.0000,0.8259
CBF,CBF-multilingual-e5-large,multilingual-e5-large,200,cold,0.8652601288439371,0.2281911557991906,0.9946902654867257,0.07273861194360656,0.8229091164489395,0.29528336138294337,113,4.707964601769912,565,565,5,"≤12,13–19,≥20",0.8653±0.2282,0.9947,0.8229
CBF,CBF-multilingual-e5-large,multilingual-e5-large,200,heavy,0.8916332149274132,0.205175023948755,1.0,0.0,0.8555555555555556,0.2724000513856256,6,21.666666666666668,30,30,5,"≤12,13–19,≥20",0.8916±0.2052,1.0000,0.8556
CBF,CBF-multilingual-e5-large,multilingual-e5-large,200,mid,0.8465731389739887,0.22046135406532988,1.0,0.0,0.7952531102531102,0.2922688193663601,37,15.837837837837839,185,185,5,"≤12,13–19,≥20",0.8466±0.2205,1.0000,0.7953
CBF,CBF-paraphrase-multilingual-mpnet-base-v2,paraphrase-multilingual-mpnet-base-v2,50,cold,0.7640891271663589,0.29581582893635966,0.9646017699115044,0.18494792921707595,0.7002409046214356,0.3618874505149875,113,4.707964601769912,565,565,5,"≤12,13–19,≥20",0.7641±0.2958,0.9646,0.7002
CBF,CBF-paraphrase-multilingual-mpnet-base-v2,paraphrase-multilingual-mpnet-base-v2,50,heavy,0.7299875966663826,0.27724201599277243,1.0,0.0,0.6449470899470899,0.36028975943743036,6,21.666666666666668,30,30,5,"≤12,13–19,≥20",0.7300±0.2772,1.0000,0.6449
CBF,CBF-paraphrase-multilingual-mpnet-base-v2,paraphrase-multilingual-mpnet-base-v2,50,mid,0.7446811234238809,0.2866345623617402,0.9837837837837838,0.12664893602582983,0.6691763191763191,0.3625817154939978,37,15.837837837837839,185,185,5,"≤12,13–19,≥20",0.7447±0.2866,0.9838,0.6692
CBF,CBF-paraphrase-multilingual-mpnet-base-v2,paraphrase-multilingual-mpnet-base-v2,100,cold,0.7567450267955868,0.3026490963271107,0.9557522123893806,0.20582736220299805,0.6930924287118978,0.36600340667749504,113,4.707964601769912,565,565,5,"≤12,13–19,≥20",0.7567±0.3026,0.9558,0.6931
CBF,CBF-paraphrase-multilingual-mpnet-base-v2,paraphrase-multilingual-mpnet-base-v2,100,heavy,0.6896483268593616,0.3176522003634265,0.9666666666666667,0.18257418583505536,0.6043518518518519,0.3927698271896157,6,21.666666666666668,30,30,5,"≤12,13–19,≥20",0.6896±0.3177,0.9667,0.6044
CBF,CBF-paraphrase-multilingual-mpnet-base-v2,paraphrase-multilingual-mpnet-base-v2,100,mid,0.7602195474302003,0.29740493407052276,0.9567567567567568,0.20395617141677627,0.6970677820677821,0.3585204385810262,37,15.837837837837839,185,185,5,"≤12,13–19,≥20",0.7602±0.2974,0.9568,0.6971
CBF,CBF-paraphrase-multilingual-mpnet-base-v2,paraphrase-multilingual-mpnet-base-v2,200,cold,0.7565382648714299,0.3024937751883257,0.9663716814159292,0.18043024794623783,0.6907093692934401,0.37192837303140225,113,4.707964601769912,565,565,5,"≤12,13–19,≥20",0.7565±0.3025,0.9664,0.6907
CBF,CBF-paraphrase-multilingual-mpnet-base-v2,paraphrase-multilingual-mpnet-base-v2,200,heavy,0.7664462514623797,0.30068822100958764,1.0,0.0,0.6963756613756614,0.3886242681413506,6,21.666666666666668,30,30,5,"≤12,13–19,≥20",0.7664±0.3007,1.0000,0.6964
CBF,CBF-paraphrase-multilingual-mpnet-base-v2,paraphrase-multilingual-mpnet-base-v2,200,mid,0.7426694311688837,0.3047758824522858,0.9675675675675676,0.17762633907651482,0.6723294723294724,0.3759671210783516,37,15.837837837837839,185,185,5,"≤12,13–19,≥20",0.7427±0.3048,0.9676,0.6723
CBF,CBF-wangchanberta-base-att-spm-uncased,wangchanberta-base-att-spm-uncased,50,cold,0.718623041853659,0.2984397060101199,0.9734513274336283,0.1609026505799712,0.638440792246102,0.3723384847138252,113,4.707964601769912,565,565,5,"≤12,13–19,≥20",0.7186±0.2984,0.9735,0.6384
CBF,CBF-wangchanberta-base-att-spm-uncased,wangchanberta-base-att-spm-uncased,50,heavy,0.7686686235910767,0.2944237378557891,1.0,0.0,0.6978174603174604,0.38298591117775976,6,21.666666666666668,30,30,5,"≤12,13–19,≥20",0.7687±0.2944,1.0000,0.6978
CBF,CBF-wangchanberta-base-att-spm-uncased,wangchanberta-base-att-spm-uncased,50,mid,0.7121945814280907,0.28851730713339974,0.9837837837837838,0.12664893602582986,0.6266151866151867,0.36526725566452845,37,15.837837837837839,185,185,5,"≤12,13–19,≥20",0.7122±0.2885,0.9838,0.6266
CBF,CBF-wangchanberta-base-att-spm-uncased,wangchanberta-base-att-spm-uncased,100,cold,0.7130560291583655,0.3089431049322356,0.9504424778761061,0.2172212870649028,0.6374048321393454,0.3729622198673248,113,4.707964601769912,565,565,5,"≤12,13–19,≥20",0.7131±0.3089,0.9504,0.6374
CBF,CBF-wangchanberta-base-att-spm-uncased,wangchanberta-base-att-spm-uncased,100,heavy,0.7201841503389395,0.30768290968205275,0.9666666666666667,0.18257418583505536,0.6423544973544975,0.3804618765278771,6,21.666666666666668,30,30,5,"≤12,13–19,≥20",0.7202±0.3077,0.9667,0.6424
CBF,CBF-wangchanberta-base-att-spm-uncased,wangchanberta-base-att-spm-uncased,100,mid,0.7373733072960265,0.291196971468454,0.9783783783783784,0.1458392785985266,0.660978120978121,0.36590945648756945,37,15.837837837837839,185,185,5,"≤12,13–19,≥20",0.7374±0.2912,0.9784,0.6610
CBF,CBF-wangchanberta-base-att-spm-uncased,wangchanberta-base-att-spm-uncased,200,cold,0.7197962295017575,0.30944487541069615,0.9557522123893806,0.20582736220299805,0.6453392330383481,0.37607010919250267,113,4.707964601769912,565,565,5,"≤12,13–19,≥20",0.7198±0.3094,0.9558,0.6453
CBF,CBF-wangchanberta-base-att-spm-uncased,wangchanberta-base-att-spm-uncased,200,heavy,0.7014949751592028,0.2816384594585335,1.0,0.0,0.6077116402116403,0.36650011031198215,6,21.666666666666668,30,30,5,"≤12,13–19,≥20",0.7015±0.2816,1.0000,0.6077
CBF,CBF-wangchanberta-base-att-spm-uncased,wangchanberta-base-att-spm-uncased,200,mid,0.7080694709069996,0.3085206659999104,0.9513513513513514,0.2157162256571139,0.6305512655512656,0.3730258302021954,37,15.837837837837839,185,185,5,"≤12,13–19,≥20",0.7081±0.3085,0.9514,0.6306
CF,CF-ItemKNN,ItemKNN,50,cold,0.4141246015973469,0.2977947592213921,0.7522123893805309,0.4321103880201024,0.3067594340993612,0.28993756623121786,113,4.707964601769912,565,565,5,"≤12,13–19,≥20",0.4141±0.2978,0.7522,0.3068
CF,CF-ItemKNN,ItemKNN,50,heavy,0.494687727731132,0.35150702416160645,0.8,0.40683810217248617,0.4003968253968254,0.376419477457473,6,21.666666666666668,30,30,5,"≤12,13–19,≥20",0.4947±0.3515,0.8000,0.4004
CF,CF-ItemKNN,ItemKNN,50,mid,0.3962257880696199,0.30745948547560065,0.7675675675675676,0.4235294597666694,0.28472543972543973,0.3181486728136572,37,15.837837837837839,185,185,5,"≤12,13–19,≥20",0.3962±0.3075,0.7676,0.2847
CF,CF-ItemKNN,ItemKNN,100,cold,0.39051862545719634,0.2982739598346504,0.720353982300885,0.44922298796263493,0.28605997933376764,0.28392604549058587,113,4.707964601769912,565,565,5,"≤12,13–19,≥20",0.3905±0.2983,0.7204,0.2861
CF,CF-ItemKNN,ItemKNN,100,heavy,0.4846234648765184,0.3614085347517266,0.7666666666666667,0.43018306715207627,0.39666666666666667,0.3799299189258713,6,21.666666666666668,30,30,5,"≤12,13–19,≥20",0.4846±0.3614,0.7667,0.3967
CF,CF-ItemKNN,ItemKNN,100,mid,0.3811063842452019,0.31878677650277476,0.7297297297297297,0.4453045274968195,0.2769197769197769,0.32625466216477284,37,15.837837837837839,185,185,5,"≤12,13–19,≥20",0.3811±0.3188,0.7297,0.2769
CF,CF-ItemKNN,ItemKNN,200,cold,0.3957672758099676,0.30363632740036156,0.7238938053097345,0.4474661396681327,0.29212386100615917,0.2933995782658534,113,4.707964601769912,565,565,5,"≤12,13–19,≥20",0.3958±0.3036,0.7239,0.2921
CF,CF-ItemKNN,ItemKNN,200,heavy,0.48953101115377956,0.3509209927237347,0.8,0.40683810217248617,0.394021164021164,0.37668681464992415,6,21.666666666666668,30,30,5,"≤12,13–19,≥20",0.4895±0.3509,0.8000,0.3940
CF,CF-ItemKNN,ItemKNN,200,mid,0.37145415822819716,0.32176569770178165,0.7027027027027027,0.4583088516767535,0.2717031317031317,0.3241650472509048,37,15.837837837837839,185,185,5,"≤12,13–19,≥20",0.3715±0.3218,0.7027,0.2717
CF,CF-LightGCN,LightGCN,50,cold,0.742082023382974,0.2921187833273572,0.9663716814159292,0.18043024794623794,0.6699761202416069,0.35949881437763115,113,4.707964601769912,565,565,5,"≤12,13–19,≥20",0.7421±0.2921,0.9664,0.6700
CF,CF-LightGCN,LightGCN,50,heavy,0.8195601508821537,0.2731532509796265,1.0,0.0,0.7644444444444445,0.35370191503563037,6,21.666666666666668,30,30,5,"≤12,13–19,≥20",0.8196±0.2732,1.0000,0.7644
CF,CF-LightGCN,LightGCN,50,mid,0.7040318518959426,0.29879037468711794,0.9567567567567568,0.20395617141677627,0.6228657228657228,0.3631997768670539,37,15.837837837837839,185,185,5,"≤12,13–19,≥20",0.7040±0.2988,0.9568,0.6229
CF,CF-LightGCN,LightGCN,100,cold,0.7360505410089807,0.29657909707191965,0.9628318584070796,0.1893412854807362,0.6632701222081753,0.3634940572240956,113,4.707964601769912,565,565,5,"≤12,13–19,≥20",0.7361±0.2966,0.9628,0.6633
CF,CF-LightGCN,LightGCN,100,heavy,0.8626642067131285,0.2750831092361478,0.9666666666666667,0.18257418583505536,0.8305555555555556,0.32770633678234734,6,21.666666666666668,30,30,5,"≤12,13–19,≥20",0.8627±0.2751,0.9667,0.8306
CF,CF-LightGCN,LightGCN,100,mid,0.7260634459754207,0.29492224590236904,0.9567567567567568,0.20395617141677633,0.651104676104676,0.35782470203758227,37,15.837837837837839,185,185,5,"≤12,13–19,≥20",0.7261±0.2949,0.9568,0.6511
CF,CF-LightGCN,LightGCN,200,cold,0.7453379286890377,0.2918576355757762,0.9716814159292035,0.1660284019049943,0.6731668773704172,0.36226382383104483,113,4.707964601769912,565,565,5,"≤12,13–19,≥20",0.7453±0.2919,0.9717,0.6732
CF,CF-LightGCN,LightGCN,200,heavy,0.756918408563252,0.33073084231894906,0.9333333333333333,0.2537081317024624,0.701388888888889,0.3884225104388018,6,21.666666666666668,30,30,5,"≤12,13–19,≥20",0.7569±0.3307,0.9333,0.7014
CF,CF-LightGCN,LightGCN,200,mid,0.7083804693868234,0.28855669837993764,0.9675675675675676,0.17762633907651484,0.6247404547404547,0.3565659206137049,37,15.837837837837839,185,185,5,"≤12,13–19,≥20",0.7084±0.2886,0.9676,0.6247
CF,CF-NCF,NCF,50,cold,0.5485113536324284,0.3734733208015286,0.8106194690265487,0.39215779495645314,0.4687203258884675,0.4078211552643054,113,4.707964601769912,565,565,5,"≤12,13–19,≥20",0.5485±0.3735,0.8106,0.4687
CF,CF-NCF,NCF,50,heavy,0.7630872489743721,0.3388515562121146,0.9,0.30512857662936466,0.7180952380952381,0.37740424837317915,6,21.666666666666668,30,30,5,"≤12,13–19,≥20",0.7631±0.3389,0.9000,0.7181
CF,CF-NCF,NCF,50,mid,0.6358035928288082,0.3612683469148736,0.8648648648648649,0.3427955850955306,0.5637129987129987,0.40490732805845037,37,15.837837837837839,185,185,5,"≤12,13–19,≥20",0.6358±0.3613,0.8649,0.5637
CF,CF-NCF,NCF,100,cold,0.5452166002645692,0.39108564945987506,0.7787610619469026,0.41544885737123977,0.4744634077819918,0.42170421642991285,113,4.707964601769912,565,565,5,"≤12,13–19,≥20",0.5452±0.3911,0.7788,0.4745
CF,CF-NCF,NCF,100,heavy,0.7970042355114593,0.32308213254800056,0.9333333333333333,0.2537081317024624,0.7545238095238095,0.3729718003753169,6,21.666666666666668,30,30,5,"≤12,13–19,≥20",0.7970±0.3231,0.9333,0.7545
CF,CF-NCF,NCF,100,mid,0.6420830933699352,0.3486813408368069,0.8864864864864865,0.31808031710813195,0.5648584298584298,0.3975868467112376,37,15.837837837837839,185,185,5,"≤12,13–19,≥20",0.6421±0.3487,0.8865,0.5649
CF,CF-NCF,NCF,200,cold,0.5463014124099167,0.3921905415693338,0.7769911504424779,0.4166330872052416,0.47612796741115326,0.4229362498233604,113,4.707964601769912,565,565,5,"≤12,13–19,≥20",0.5463±0.3922,0.7770,0.4761
CF,CF-NCF,NCF,200,heavy,0.7484798524119741,0.32453905576427894,0.9333333333333333,0.2537081317024624,0.6892857142857143,0.3807258922373668,6,21.666666666666668,30,30,5,"≤12,13–19,≥20",0.7485±0.3245,0.9333,0.6893
CF,CF-NCF,NCF,200,mid,0.6280402969002536,0.35661133294042,0.8648648648648649,0.3427955850955305,0.5534041184041184,0.3981543687400367,37,15.837837837837839,185,185,5,"≤12,13–19,≥20",0.6280±0.3566,0.8649,0.5534
CF,CF-SVD,SVD,50,cold,0.6898604894621736,0.2994699314585531,0.9628318584070796,0.18934128548073623,0.6034428992836073,0.3675606861962274,113,4.707964601769912,565,565,5,"≤12,13–19,≥20",0.6899±0.2995,0.9628,0.6034
CF,CF-SVD,SVD,50,heavy,0.8339522755442722,0.26931923485393783,0.9666666666666667,0.18257418583505536,0.7907407407407407,0.3225204503544474,6,21.666666666666668,30,30,5,"≤12,13–19,≥20",0.8340±0.2693,0.9667,0.7907
CF,CF-SVD,SVD,50,mid,0.6968201904096505,0.31621452513635195,0.9405405405405406,0.23712437052638075,0.6193350493350493,0.3773328167250336,37,15.837837837837839,185,185,5,"≤12,13–19,≥20",0.6968±0.3162,0.9405,0.6193
CF,CF-SVD,SVD,100,cold,0.69317536366771,0.3131860936013949,0.9486725663716814,0.22086027973472577,0.6125733951397668,0.3779236265037627,113,4.707964601769912,565,565,5,"≤12,13–19,≥20",0.6932±0.3132,0.9487,0.6126
CF,CF-SVD,SVD,100,heavy,0.8747968384951236,0.25562434467407247,0.9666666666666667,0.18257418583505536,0.8447619047619047,0.3023886452869861,6,21.666666666666668,30,30,5,"≤12,13–19,≥20",0.8748±0.2556,0.9667,0.8448
CF,CF-SVD,SVD,100,mid,0.7203143377766932,0.2983194080049011,0.9567567567567568,0.20395617141677633,0.6438009438009439,0.3630395065706603,37,15.837837837837839,185,185,5,"≤12,13–19,≥20",0.7203±0.2983,0.9568,0.6438
CF,CF-SVD,SVD,200,cold,0.6940112953305118,0.3058324126339625,0.9610619469026549,0.19361878000695112,0.6099873577749685,0.3751363546336301,113,4.707964601769912,565,565,5,"≤12,13–19,≥20",0.6940±0.3058,0.9611,0.6100
CF,CF-SVD,SVD,200,heavy,0.8136857273840123,0.3011134865552742,0.9333333333333333,0.2537081317024624,0.7733333333333333,0.34401283055462756,6,21.666666666666668,30,30,5,"≤12,13–19,≥20",0.8137±0.3011,0.9333,0.7733
CF,CF-SVD,SVD,200,mid,0.696978386460131,0.3093542129364445,0.9459459459459459,0.22673796717341335,0.6176190476190476,0.37064438811182865,37,15.837837837837839,185,185,5,"≤12,13–19,≥20",0.6970±0.3094,0.9459,0.6176
HYBRID,Hybrid-Best,Hybrid-Best,50,cold,0.8336009594626207,0.24237575153929877,0.9876106194690265,0.110713949484386,0.7825460036521983,0.30831305477925175,113,4.707964601769912,565,565,5,"≤12,13–19,≥20",0.8336±0.2424,0.9876,0.7825
HYBRID,Hybrid-Best,Hybrid-Best,50,heavy,0.8720883236619774,0.20805880598795076,1.0,0.0,0.8291666666666667,0.27559366432502025,6,21.666666666666668,30,30,5,"≤12,13–19,≥20",0.8721±0.2081,1.0000,0.8292
HYBRID,Hybrid-Best,Hybrid-Best,50,mid,0.819333492555993,0.2323735819691629,0.9945945945945946,0.07352146220938077,0.7604633204633204,0.30285574527142606,37,15.837837837837839,185,185,5,"≤12,13–19,≥20",0.8193±0.2324,0.9946,0.7605
HYBRID,Hybrid-Best,Hybrid-Best,100,cold,0.8467225661614427,0.24458600194496374,0.9823008849557522,0.1319722787458468,0.8018394437420986,0.305854084565396,113,4.707964601769912,565,565,5,"≤12,13–19,≥20",0.8467±0.2446,0.9823,0.8018
HYBRID,Hybrid-Best,Hybrid-Best,100,heavy,0.8307655224183162,0.23566741035898328,1.0,0.0,0.7744444444444445,0.31277810103220605,6,21.666666666666668,30,30,5,"≤12,13–19,≥20",0.8308±0.2357,1.0000,0.7744
HYBRID,Hybrid-Best,Hybrid-Best,100,mid,0.8444470752399488,0.23421862347305927,0.9891891891891892,0.10369212315422187,0.7963384813384813,0.2982427764616677,37,15.837837837837839,185,185,5,"≤12,13–19,≥20",0.8444±0.2342,0.9892,0.7963
HYBRID,Hybrid-Best,Hybrid-Best,200,cold,0.8230445784310952,0.2551991913614094,0.9787610619469026,0.14430766939313647,0.7714364249320002,0.3178648719217156,113,4.707964601769912,565,565,5,"≤12,13–19,≥20",0.8230±0.2552,0.9788,0.7714
HYBRID,Hybrid-Best,Hybrid-Best,200,heavy,0.8853894949018797,0.20641187229970817,1.0,0.0,0.8472222222222222,0.2734091334948713,6,21.666666666666668,30,30,5,"≤12,13–19,≥20",0.8854±0.2064,1.0000,0.8472
HYBRID,Hybrid-Best,Hybrid-Best,200,mid,0.8249990669581168,0.24671370466252723,0.9891891891891892,0.10369212315422188,0.771010296010296,0.3149810009599759,37,15.837837837837839,185,185,5,"≤12,13–19,≥20",0.8250±0.2467,0.9892,0.7710
POP,POP-Context,ContextMostPopular,50,cold,0.2208976094550467,0.31400504917507216,0.40176991150442476,0.4906903338185972,0.16599433345330492,0.288741451335983,113,4.707964601769912,565,565,5,"≤12,13–19,≥20",0.2209±0.3140,0.4018,0.1660
POP,POP-Context,ContextMostPopular,50,heavy,0.3952027592180715,0.3450429945359395,0.6666666666666666,0.47946330148538413,0.3088540163540163,0.33719874648666576,6,21.666666666666668,30,30,5,"≤12,13–19,≥20",0.3952±0.3450,0.6667,0.3089
POP,POP-Context,ContextMostPopular,50,mid,0.2500034935754145,0.3211180733665747,0.4648648648648649,0.5001174950080841,0.18498390828112188,0.30106071311666976,37,15.837837837837839,185,185,5,"≤12,13–19,≥20",0.2500±0.3211,0.4649,0.1850
POP,POP-Context,ContextMostPopular,100,cold,0.2139691931702696,0.31484669729864806,0.3823008849557522,0.48638011732346165,0.16273747578728537,0.28961872824195234,113,4.707964601769912,565,565,5,"≤12,13–19,≥20",0.2140±0.3148,0.3823,0.1627
POP,POP-Context,ContextMostPopular,100,heavy,0.38468726332521386,0.3522878523091948,0.6333333333333333,0.49013251785356104,0.3046873496873497,0.3403068855935139,6,21.666666666666668,30,30,5,"≤12,13–19,≥20",0.3847±0.3523,0.6333,0.3047
POP,POP-Context,ContextMostPopular,100,mid,0.24372502480032054,0.32221538213776724,0.4486486486486487,0.4987057279149991,0.18176574506295867,0.3020201379597648,37,15.837837837837839,185,185,5,"≤12,13–19,≥20",0.2437±0.3222,0.4486,0.1818
POP,POP-Context,ContextMostPopular,200,cold,0.2139691931702696,0.31484669729864806,0.3823008849557522,0.48638011732346165,0.16273747578728537,0.28961872824195234,113,4.707964601769912,565,565,5,"≤12,13–19,≥20",0.2140±0.3148,0.3823,0.1627
POP,POP-Context,ContextMostPopular,200,heavy,0.38468726332521386,0.3522878523091948,0.6333333333333333,0.49013251785356104,0.3046873496873497,0.3403068855935139,6,21.666666666666668,30,30,5,"≤12,13–19,≥20",0.3847±0.3523,0.6333,0.3047
POP,POP-Context,ContextMostPopular,200,mid,0.24372502480032054,0.32221538213776724,0.4486486486486487,0.4987057279149991,0.18176574506295867,0.3020201379597648,37,15.837837837837839,185,185,5,"≤12,13–19,≥20",0.2437±0.3222,0.4486,0.1818
POP,POP-Global,GlobalMostPopular,50,cold,0.2208976094550467,0.31400504917507216,0.40176991150442476,0.4906903338185972,0.16599433345330492,0.288741451335983,113,4.707964601769912,565,565,5,"≤12,13–19,≥20",0.2209±0.3140,0.4018,0.1660
POP,POP-Global,GlobalMostPopular,50,heavy,0.3952027592180715,0.3450429945359395,0.6666666666666666,0.47946330148538413,0.3088540163540163,0.33719874648666576,6,21.666666666666668,30,30,5,"≤12,13–19,≥20",0.3952±0.3450,0.6667,0.3089
POP,POP-Global,GlobalMostPopular,50,mid,0.2500034935754145,0.3211180733665747,0.4648648648648649,0.5001174950080841,0.18498390828112188,0.30106071311666976,37,15.837837837837839,185,185,5,"≤12,13–19,≥20",0.2500±0.3211,0.4649,0.1850
POP,POP-Global,GlobalMostPopular,100,cold,0.2139691931702696,0.31484669729864806,0.3823008849557522,0.48638011732346165,0.16273747578728537,0.28961872824195234,113,4.707964601769912,565,565,5,"≤12,13–19,≥20",0.2140±0.3148,0.3823,0.1627
POP,POP-Global,GlobalMostPopular,100,heavy,0.38468726332521386,0.3522878523091948,0.6333333333333333,0.49013251785356104,0.3046873496873497,0.3403068855935139,6,21.666666666666668,30,30,5,"≤12,13–19,≥20",0.3847±0.3523,0.6333,0.3047
POP,POP-Global,GlobalMostPopular,100,mid,0.24372502480032054,0.32221538213776724,0.4486486486486487,0.4987057279149991,0.18176574506295867,0.3020201379597648,37,15.837837837837839,185,185,5,"≤12,13–19,≥20",0.2437±0.3222,0.4486,0.1818
POP,POP-Global,GlobalMostPopular,200,cold,0.2139691931702696,0.31484669729864806,0.3823008849557522,0.48638011732346165,0.16273747578728537,0.28961872824195234,113,4.707964601769912,565,565,5,"≤12,13–19,≥20",0.2140±0.3148,0.3823,0.1627
POP,POP-Global,GlobalMostPopular,200,heavy,0.38468726332521386,0.3522878523091948,0.6333333333333333,0.49013251785356104,0.3046873496873497,0.3403068855935139,6,21.666666666666668,30,30,5,"≤12,13–19,≥20",0.3847±0.3523,0.6333,0.3047
POP,POP-Global,GlobalMostPopular,200,mid,0.24372502480032054,0.32221538213776724,0.4486486486486487,0.4987057279149991,0.18176574506295867,0.3020201379597648,37,15.837837837837839,185,185,5,"≤12,13–19,≥20",0.2437±0.3222,0.4486,0.1818
