MAX_CANDS,model_family,Model,model_name,cov_mean,cov_std,ndcg_mean,ndcg_std,hr_mean,hr_std,mrr_mean,mrr_std,feasible_cases_mean,n_seeds_success,Coverage,nDCG@10,HR@10,MRR@10
50,CBF,CBF-multilingual-e5-large,multilingual-e5-large,1.0,0.0,0.8708019985178801,0.020655089990539704,0.9961538461538462,0.0035110420352895137,0.8294836182336182,0.02713098913127005,156.0,5,1.0000±0.0000,0.8708±0.0207,0.9962±0.0035,0.8295±0.0271
50,CBF,CBF-bge-m3,bge-m3,1.0,0.0,0.8610840516170313,0.013695699542359111,0.9948717948717949,0.005363205298295337,0.8169897232397233,0.0180917320393276,156.0,5,1.0000±0.0000,0.8611±0.0137,0.9949±0.0054,0.8170±0.0181
50,HYBRID,Hybrid-multilingual-e5-large-LightGCN,Hybrid-multilingual-e5-large-LightGCN,1.0,0.0,0.8316972922167928,0.026438361430468984,0.9897435897435898,0.01164480905422111,0.7791015466015466,0.03527261839249265,156.0,5,1.0000±0.0000,0.8317±0.0264,0.9897±0.0116,0.7791±0.0353
50,CBF,CBF-paraphrase-multilingual-mpnet-base-v2,paraphrase-multilingual-mpnet-base-v2,1.0,0.0,0.7581743494646177,0.024745676838691534,0.9705128205128204,0.016089615894886066,0.6907463369963369,0.03193465312240719,156.0,5,1.0000±0.0000,0.7582±0.0247,0.9705±0.0161,0.6907±0.0319
50,CF,CF-LightGCN,LightGCN,1.0,0.0,0.7360372312033253,0.02308350073336202,0.9653846153846153,0.009721635184681441,0.6624358974358975,0.028073885122239458,156.0,5,1.0000±0.0000,0.7360±0.0231,0.9654±0.0097,0.6624±0.0281
50,CBF,CBF-wangchanberta-base-att-spm-uncased,wangchanberta-base-att-spm-uncased,1.0,0.0,0.7190231729733922,0.02813751188311646,0.976923076923077,0.013292590611107546,0.6379197191697192,0.03908474972256213,156.0,5,1.0000±0.0000,0.7190±0.0281,0.9769±0.0133,0.6379±0.0391
50,CBF,CBF-Qwen2-0.5B,Qwen2-0.5B,1.0,0.0,0.7091438232124125,0.03549619041393611,0.964102564102564,0.005733507634614825,0.6284500328731099,0.04506520490714551,156.0,5,1.0000±0.0000,0.7091±0.0355,0.9641±0.0057,0.6285±0.0451
50,CF,CF-SVD,SVD,1.0,0.0,0.6970531795362064,0.017173958173937753,0.9576923076923076,0.011644809054221167,0.6144159544159545,0.022809473777070464,156.0,5,1.0000±0.0000,0.6971±0.0172,0.9577±0.0116,0.6144±0.0228
50,CF,CF-NCF,NCF,1.0,0.0,0.5774682012113878,0.0446816899550336,0.826923076923077,0.0556991897339191,0.500841982091982,0.042656184547937744,156.0,5,1.0000±0.0000,0.5775±0.0447,0.8269±0.0557,0.5008±0.0427
50,CF,CF-ItemKNN,ItemKNN,1.0,0.0,0.4129779519580956,0.019051686078948214,0.7576923076923077,0.030875883535364874,0.3051348607400645,0.015993237146063374,156.0,5,1.0000±0.0000,0.4130±0.0191,0.7577±0.0309,0.3051±0.0160
50,POP,POP-Context,ContextMostPopular,1.0,0.0,0.2345049723462759,0.026352592378311154,0.4269230769230769,0.03027107423876306,0.17599287426121196,0.025770011921510724,156.0,5,1.0000±0.0000,0.2345±0.0264,0.4269±0.0303,0.1760±0.0258
50,POP,POP-Global,GlobalMostPopular,1.0,0.0,0.2345049723462759,0.026352592378311154,0.4269230769230769,0.03027107423876306,0.17599287426121196,0.025770011921510724,156.0,5,1.0000±0.0000,0.2345±0.0264,0.4269±0.0303,0.1760±0.0258
100,CBF,CBF-multilingual-e5-large,multilingual-e5-large,1.0,0.0,0.8719142693678095,0.015950988203026744,0.9923076923076923,0.00835795180154187,0.8321167543282927,0.01909468558205664,156.0,5,1.0000±0.0000,0.8719±0.0160,0.9923±0.0084,0.8321±0.0191
100,CBF,CBF-bge-m3,bge-m3,1.0,0.0,0.8568043844073501,0.017498469346468527,0.9871794871794872,0.011102889792108203,0.8136696174196174,0.020007607170006582,156.0,5,1.0000±0.0000,0.8568±0.0175,0.9872±0.0111,0.8137±0.0200
100,HYBRID,Hybrid-multilingual-e5-large-LightGCN,Hybrid-multilingual-e5-large-LightGCN,1.0,0.0,0.8455691339399418,0.01579092737288584,0.9846153846153847,0.0057335076346148785,0.7994810744810745,0.02066376111220467,156.0,5,1.0000±0.0000,0.8456±0.0158,0.9846±0.0057,0.7995±0.0207
100,CBF,CBF-paraphrase-multilingual-mpnet-base-v2,paraphrase-multilingual-mpnet-base-v2,1.0,0.0,0.754988469512659,0.025811087240212322,0.9564102564102563,0.009507946778327812,0.6906222018722018,0.03257886353265212,156.0,5,1.0000±0.0000,0.7550±0.0258,0.9564±0.0095,0.6906±0.0326
100,CF,CF-LightGCN,LightGCN,1.0,0.0,0.738551563303744,0.03155223787635261,0.9615384615384615,0.015033383845587939,0.666818783068783,0.039379754275232715,156.0,5,1.0000±0.0000,0.7386±0.0316,0.9615±0.0150,0.6668±0.0394
100,CBF,CBF-wangchanberta-base-att-spm-uncased,wangchanberta-base-att-spm-uncased,1.0,0.0,0.7190977472236014,0.03321449144496747,0.9576923076923076,0.025880293895110696,0.6431863044363044,0.03933197755246677,156.0,5,1.0000±0.0000,0.7191±0.0332,0.9577±0.0259,0.6432±0.0393
100,CBF,CBF-Qwen2-0.5B,Qwen2-0.5B,1.0,0.0,0.708085959056374,0.0269176611047775,0.9576923076923076,0.019015893556655585,0.6286436071051457,0.035570521922922586,156.0,5,1.0000±0.0000,0.7081±0.0269,0.9577±0.0190,0.6286±0.0356
100,CF,CF-SVD,SVD,1.0,0.0,0.7065976129689714,0.024682468851512762,0.9512820512820512,0.015437941767682426,0.6289102564102566,0.02826417362789509,156.0,5,1.0000±0.0000,0.7066±0.0247,0.9513±0.0154,0.6289±0.0283
100,CF,CF-NCF,NCF,1.0,0.0,0.577875485241363,0.047296176613023704,0.8102564102564103,0.05744247901851247,0.5066748066748067,0.044787793934492386,156.0,5,1.0000±0.0000,0.5779±0.0473,0.8103±0.0574,0.5067±0.0448
100,CF,CF-ItemKNN,ItemKNN,1.0,0.0,0.391905651814069,0.023277406458766,0.7243589743589743,0.03737789676182887,0.2881462141714584,0.01938548957401363,156.0,5,1.0000±0.0000,0.3919±0.0233,0.7244±0.0374,0.2881±0.0194
100,POP,POP-Context,ContextMostPopular,1.0,0.0,0.22759274567822824,0.025930047745572605,0.4076923076923077,0.03159937831760575,0.1727102014706206,0.025198250228668295,156.0,5,1.0000±0.0000,0.2276±0.0259,0.4077±0.0316,0.1727±0.0252
100,POP,POP-Global,GlobalMostPopular,1.0,0.0,0.22759274567822824,0.025930047745572605,0.4076923076923077,0.03159937831760575,0.1727102014706206,0.025198250228668295,156.0,5,1.0000±0.0000,0.2276±0.0259,0.4077±0.0316,0.1727±0.0252
200,CBF,CBF-bge-m3,bge-m3,1.0,0.0,0.8632820418890532,0.015135648444227838,0.9974358974358974,0.005733507634614825,0.8195517908017906,0.020839097008546636,156.0,5,1.0000±0.0000,0.8633±0.0151,0.9974±0.0057,0.8196±0.0208
200,CBF,CBF-multilingual-e5-large,multilingual-e5-large,1.0,0.0,0.8618423076344032,0.011031813211461228,0.9961538461538462,0.0035110420352895137,0.8176053113553113,0.015156759501749141,156.0,5,1.0000±0.0000,0.8618±0.0110,0.9962±0.0035,0.8176±0.0152
200,HYBRID,Hybrid-multilingual-e5-large-LightGCN,Hybrid-multilingual-e5-large-LightGCN,1.0,0.0,0.8259060244203542,0.02751348647739522,0.9820512820512821,0.013137116366614864,0.7742501942501943,0.03374477810681599,156.0,5,1.0000±0.0000,0.8259±0.0275,0.9821±0.0131,0.7743±0.0337
200,CBF,CBF-paraphrase-multilingual-mpnet-base-v2,paraphrase-multilingual-mpnet-base-v2,1.0,0.0,0.7536299384134262,0.029896891755181666,0.9679487179487178,0.012820512820512775,0.686567969067969,0.039165647105442215,156.0,5,1.0000±0.0000,0.7536±0.0299,0.9679±0.0128,0.6866±0.0392
200,CF,CF-LightGCN,LightGCN,1.0,0.0,0.7370177805163662,0.026271268951159804,0.9692307692307691,0.008357951801541827,0.6627665852665852,0.03260784739452203,156.0,5,1.0000±0.0000,0.7370±0.0263,0.9692±0.0084,0.6628±0.0326
200,CBF,CBF-wangchanberta-base-att-spm-uncased,wangchanberta-base-att-spm-uncased,1.0,0.0,0.7163109885141841,0.015167319316098564,0.9564102564102563,0.01313711636661487,0.6403846153846154,0.02178764860300405,156.0,5,1.0000±0.0000,0.7163±0.0152,0.9564±0.0131,0.6404±0.0218
200,CBF,CBF-Qwen2-0.5B,Qwen2-0.5B,1.0,0.0,0.703699372057841,0.016479475801653577,0.9538461538461538,0.0083579518015419,0.6247160435508852,0.02069885153029777,156.0,5,1.0000±0.0000,0.7037±0.0165,0.9538±0.0084,0.6247±0.0207
200,CF,CF-SVD,SVD,1.0,0.0,0.6993178912543374,0.016131885252618466,0.9564102564102563,0.015304277418350437,0.6180799755799755,0.02088406954629081,156.0,5,1.0000±0.0000,0.6993±0.0161,0.9564±0.0153,0.6181±0.0209
200,CF,CF-NCF,NCF,1.0,0.0,0.5734642929621907,0.043217347134758416,0.8038461538461539,0.04044053921945514,0.5026546601546602,0.044417110084306946,156.0,5,1.0000±0.0000,0.5735±0.0432,0.8038±0.0404,0.5027±0.0444
200,CF,CF-ItemKNN,ItemKNN,1.0,0.0,0.39360700056341225,0.01879498625258441,0.7217948717948718,0.03410111814941123,0.29119960994127486,0.014883295010985917,156.0,5,1.0000±0.0000,0.3936±0.0188,0.7218±0.0341,0.2912±0.0149
200,POP,POP-Context,ContextMostPopular,1.0,0.0,0.22759274567822824,0.025930047745572605,0.4076923076923077,0.03159937831760575,0.1727102014706206,0.025198250228668295,156.0,5,1.0000±0.0000,0.2276±0.0259,0.4077±0.0316,0.1727±0.0252
200,POP,POP-Global,GlobalMostPopular,1.0,0.0,0.22759274567822824,0.025930047745572605,0.4076923076923077,0.03159937831760575,0.1727102014706206,0.025198250228668295,156.0,5,1.0000±0.0000,0.2276±0.0259,0.4077±0.0316,0.1727±0.0252
