word,cluster_label,stopword_type,reason
ลักษณะ,0,**คำที่มีความหมายกว้าง (Umbrella Terms):**,นามทั่วไป ใช้เป็นหมวดหมู่
รูปแบบ,0,**คำที่มีความหมายกว้าง (Umbrella Terms):**,นามทั่วไป ใช้ได้หลายบริบท
เครื่องมือ,0,**คำที่มีความหมายกว้าง (Umbrella Terms):**,นามทั่วไป ไม่ชี้เฉพาะเจาะจง
เครื่องแบบ,0,**คำที่มีความหมายกว้าง (Umbrella Terms):**,นามทั่วไป ใช้เป็นหมวดหมู่
ภาษา,0,**คำที่มีความหมายกว้าง (Umbrella Terms):**,นามทั่วไป ไม่ชี้เฉพาะเจาะจง
ภูมิภาค,0,**คำที่มีความหมายกว้าง (Umbrella Terms):**,นามทั่วไป ใช้เป็นหมวดหมู่สถานที่
ขั้นตอน,0,**คำที่มีความหมายกว้าง (Umbrella Terms):**,นามทั่วไป ใช้ได้หลายบริบท
ร่างกาย,0,**คำที่มีความหมายกว้าง (Umbrella Terms):**,นามทั่วไป ไม่ชี้เฉพาะเจาะจง
ประวัติศาสตร์,0,**คำที่มีความหมายกว้าง (Umbrella Terms):**,คำที่มีความหมายกว้างมาก
อาหาร,0,**คำที่มีความหมายกว้าง (Umbrella Terms):**,นามทั่วไป ใช้เป็นหมวดหมู่
ความหลากหลาย,0,**คำเชิงนามธรรม หรือ คำเชิงประเมินค่า (Abstract or Evaluative Terms):**,แสดงแนวคิดเชิงนามธรรม
ความเชื่อ,0,**คำเชิงนามธรรม หรือ คำเชิงประเมินค่า (Abstract or Evaluative Terms):**,แสดงแนวคิด ความเชื่อ
ความศรัทธา,0,**คำเชิงนามธรรม หรือ คำเชิงประเมินค่า (Abstract or Evaluative Terms):**,แสดงความรู้สึก ความเชื่อ
ความนิยม,0,**คำเชิงนามธรรม หรือ คำเชิงประเมินค่า (Abstract or Evaluative Terms):**,แสดงแนวคิดเชิงประเมินค่า
อ่อนช้อย,0,**คำเชิงนามธรรม หรือ คำเชิงประเมินค่า (Abstract or Evaluative Terms):**,แสดงคุณค่า/ความคิดเห็น
ศักดิ์สิทธิ์,0,**คำเชิงนามธรรม หรือ คำเชิงประเมินค่า (Abstract or Evaluative Terms):**,แสดงคุณค่า ความเชื่อ
วัฒนธรรม,0,**คำเฉพาะโดเมนที่พบบ่อยเกินไป (Domain-Specific Overuse):**,คำพื้นฐานในโดเมน ทำให้จำแนกต่ำ
ศิลปวัฒนธรรม,0,**คำเฉพาะโดเมนที่พบบ่อยเกินไป (Domain-Specific Overuse):**,คำพื้นฐานในโดเมน ทำให้จำแนกต่ำ
ประเพณี,0,**คำเฉพาะโดเมนที่พบบ่อยเกินไป (Domain-Specific Overuse):**,คำพื้นฐานในโดเมน ทำให้จำแนกต่ำ
ขนบธรรมเนียมประเพณี,0,**คำเฉพาะโดเมนที่พบบ่อยเกินไป (Domain-Specific Overuse):**,คำพื้นฐานในโดเมน ทำให้จำแนกต่ำ
การละเล่น,0,**คำเฉพาะโดเมนที่พบบ่อยเกินไป (Domain-Specific Overuse):**,คำพื้นฐานในโดเมน ทำให้จำแนกต่ำ
ฟ้อนรำ,0,**คำเฉพาะโดเมนที่พบบ่อยเกินไป (Domain-Specific Overuse):**,คำพื้นฐานในโดเมน ทำให้จำแนกต่ำ
ระบำ,0,**คำเฉพาะโดเมนที่พบบ่อยเกินไป (Domain-Specific Overuse):**,คำพื้นฐานในโดเมน ทำให้จำแนกต่ำ
ดนตรี,0,**คำเฉพาะโดเมนที่พบบ่อยเกินไป (Domain-Specific Overuse):**,คำพื้นฐานในโดเมน ทำให้จำแนกต่ำ
ศิลปะการแสดง,0,**คำเฉพาะโดเมนที่พบบ่อยเกินไป (Domain-Specific Overuse):**,คำพื้นฐานในโดเมน ทำให้จำแนกต่ำ
การแสดงพื้นเมือง,0,**คำเฉพาะโดเมนที่พบบ่อยเกินไป (Domain-Specific Overuse):**,คำพื้นฐานในโดเมน ทำให้จำแนกต่ำ
เครื่องดนตรีพื้นเมือง,0,**คำซ้ำซ้อน หรือ คำพ้องความหมาย (Redundant or Synonym):**,พบคำนี้ 2 ครั้งในกลุ่มข้อมูล
ขนบธรรมเนียมประเพณี,0,**คำซ้ำซ้อน หรือ คำพ้องความหมาย (Redundant or Synonym):**,ความหมายซ้ำซ้อนกับ `ประเพณี`
ประเทศ,1,**คำที่มีความหมายกว้าง (Umbrella Terms):**,นามทั่วไป ใช้เป็นหมวดหมู่
สถานที่,1,**คำที่มีความหมายกว้าง (Umbrella Terms):**,นามทั่วไป ไม่ชี้เฉพาะเจาะจง
รูปร่าง,1,**คำที่มีความหมายกว้าง (Umbrella Terms):**,นามทั่วไป ใช้ได้หลายบริบท
พาหนะ,1,**คำที่มีความหมายกว้าง (Umbrella Terms):**,นามทั่วไป ใช้เป็นหมวดหมู่
มนุษยชาติ,1,**คำที่มีความหมายกว้าง (Umbrella Terms):**,คำที่มีความหมายกว้างมาก
ดอกไม้,1,**คำที่มีความหมายกว้าง (Umbrella Terms):**,นามทั่วไป ไม่ชี้เฉพาะเจาะจง
ความสำคัญ,1,**คำเชิงนามธรรม หรือ คำเชิงประเมินค่า (Abstract or Evaluative Terms):**,แสดงแนวคิดเชิงประเมินค่า
ความประทับใจ,1,**คำเชิงนามธรรม หรือ คำเชิงประเมินค่า (Abstract or Evaluative Terms):**,แสดงความรู้สึก
ความงาม,1,**คำเชิงนามธรรม หรือ คำเชิงประเมินค่า (Abstract or Evaluative Terms):**,แสดงแนวคิดเชิงนามธรรม
ความสวยงาม,1,**คำเชิงนามธรรม หรือ คำเชิงประเมินค่า (Abstract or Evaluative Terms):**,แสดงแนวคิดเชิงนามธรรม
ความเข้มแข็ง,1,**คำเชิงนามธรรม หรือ คำเชิงประเมินค่า (Abstract or Evaluative Terms):**,แสดงแนวคิดเชิงนามธรรม
ความสัมพันธ์,1,**คำเชิงนามธรรม หรือ คำเชิงประเมินค่า (Abstract or Evaluative Terms):**,แสดงแนวคิดเชิงนามธรรม
ความตาย,1,**คำเชิงนามธรรม หรือ คำเชิงประเมินค่า (Abstract or Evaluative Terms):**,แสดงแนวคิดเชิงนามธรรม
ความจงรักภักดี,1,**คำเชิงนามธรรม หรือ คำเชิงประเมินค่า (Abstract or Evaluative Terms):**,แสดงความรู้สึก ความเชื่อ
ความรื่นเริง,1,**คำเชิงนามธรรม หรือ คำเชิงประเมินค่า (Abstract or Evaluative Terms):**,แสดงความรู้สึก
ความวิจิตร,1,**คำเชิงนามธรรม หรือ คำเชิงประเมินค่า (Abstract or Evaluative Terms):**,แสดงคุณค่า/ความคิดเห็น
ความตระหนัก,1,**คำเชิงนามธรรม หรือ คำเชิงประเมินค่า (Abstract or Evaluative Terms):**,แสดงแนวคิดเชิงนามธรรม
ความรัก,1,**คำเชิงนามธรรม หรือ คำเชิงประเมินค่า (Abstract or Evaluative Terms):**,แสดงความรู้สึก
ความเรียบง่าย,1,**คำเชิงนามธรรม หรือ คำเชิงประเมินค่า (Abstract or Evaluative Terms):**,แสดงคุณค่า/ความคิดเห็น
ความสง่างาม,1,**คำเชิงนามธรรม หรือ คำเชิงประเมินค่า (Abstract or Evaluative Terms):**,แสดงคุณค่า/ความคิดเห็น
คุณค่า,1,**คำเชิงนามธรรม หรือ คำเชิงประเมินค่า (Abstract or Evaluative Terms):**,แสดงแนวคิดเชิงประเมินค่า
ค่านิยม,1,**คำเชิงนามธรรม หรือ คำเชิงประเมินค่า (Abstract or Evaluative Terms):**,แสดงแนวคิด ความเชื่อ
เอกลักษณ์,1,**คำเชิงนามธรรม หรือ คำเชิงประเมินค่า (Abstract or Evaluative Terms):**,แสดงแนวคิดเชิงประเมินค่า
รื่นเริง,1,**คำเชิงนามธรรม หรือ คำเชิงประเมินค่า (Abstract or Evaluative Terms):**,แสดงความรู้สึก
สร้างสรรค์,1,**คำเชิงนามธรรม หรือ คำเชิงประเมินค่า (Abstract or Evaluative Terms):**,แสดงคุณค่า/ความคิดเห็น
สง่างาม,1,**คำเชิงนามธรรม หรือ คำเชิงประเมินค่า (Abstract or Evaluative Terms):**,แสดงคุณค่า/ความคิดเห็น
งดงาม,1,**คำเชิงนามธรรม หรือ คำเชิงประเมินค่า (Abstract or Evaluative Terms):**,แสดงคุณค่า/ความคิดเห็น
การแต่งกาย,1,**คำเฉพาะโดเมนที่พบบ่อยเกินไป (Domain-Specific Overuse):**,คำพื้นฐานในโดเมน ทำให้จำแนกต่ำ
การร่ายรำ,1,**คำเฉพาะโดเมนที่พบบ่อยเกินไป (Domain-Specific Overuse):**,คำพื้นฐานในโดเมน ทำให้จำแนกต่ำ
นาฏศิลป์พื้นบ้าน,1,**คำเฉพาะโดเมนที่พบบ่อยเกินไป (Domain-Specific Overuse):**,คำพื้นฐานในโดเมน ทำให้จำแนกต่ำ
ดนตรีไทย,1,**คำเฉพาะโดเมนที่พบบ่อยเกินไป (Domain-Specific Overuse):**,คำพื้นฐานในโดเมน ทำให้จำแนกต่ำ
สวยงาม,2,**คำซ้ำซ้อน หรือ คำพ้องความหมาย (Redundant or Synonym):**,ความหมายใกล้เคียงกับ `งดงาม`
ความสวยงาม,1,**คำซ้ำซ้อน หรือ คำพ้องความหมาย (Redundant or Synonym):**,ความหมายใกล้เคียงกับ `ความงาม`
บุคคล,3,**คำที่มีความหมายกว้าง (Umbrella Terms):**,นามทั่วไป ไม่ชี้เฉพาะเจาะจง
จังหวัด,3,**คำที่มีความหมายกว้าง (Umbrella Terms):**,นามทั่วไป ใช้เป็นหมวดหมู่สถานที่
เมืองหลวง,3,**คำที่มีความหมายกว้าง (Umbrella Terms):**,นามทั่วไป ใช้เป็นหมวดหมู่สถานที่
อุปกรณ์,3,**คำที่มีความหมายกว้าง (Umbrella Terms):**,นามทั่วไป ไม่ชี้เฉพาะเจาะจง
พี่น้อง,3,**คำที่มีความหมายกว้าง (Umbrella Terms):**,นามทั่วไป ไม่ชี้เฉพาะเจาะจง
เวลา,3,**คำที่มีความหมายกว้าง (Umbrella Terms):**,นามทั่วไป ใช้ได้ทุกบริบท
ฤดูกาล,3,**คำที่มีความหมายกว้าง (Umbrella Terms):**,นามทั่วไป ใช้เป็นหมวดหมู่
แม่น้ำ,3,**คำที่มีความหมายกว้าง (Umbrella Terms):**,นามทั่วไป ไม่ชี้เฉพาะเจาะจง
กิจกรรม,3,**คำที่มีความหมายกว้าง (Umbrella Terms):**,นามทั่วไป ใช้ได้หลายบริบท
รู้คุณค่า,3,**คำเชิงนามธรรม หรือ คำเชิงประเมินค่า (Abstract or Evaluative Terms):**,แสดงแนวคิดเชิงประเมินค่า
ความเคารพ,3,**คำเชิงนามธรรม หรือ คำเชิงประเมินค่า (Abstract or Evaluative Terms):**,แสดงความรู้สึก ความเชื่อ
ความบันเทิง,3,**คำเชิงนามธรรม หรือ คำเชิงประเมินค่า (Abstract or Evaluative Terms):**,แสดงแนวคิดเชิงนามธรรม
สนุกสนาน,3,**คำเชิงนามธรรม หรือ คำเชิงประเมินค่า (Abstract or Evaluative Terms):**,แสดงความรู้สึก/คุณค่า
หลงใหล,3,**คำเชิงนามธรรม หรือ คำเชิงประเมินค่า (Abstract or Evaluative Terms):**,แสดงความรู้สึก
ความมีน้ำใจ,3,**คำเชิงนามธรรม หรือ คำเชิงประเมินค่า (Abstract or Evaluative Terms):**,แสดงแนวคิดเชิงนามธรรม
เกียรติยศ,3,**คำเชิงนามธรรม หรือ คำเชิงประเมินค่า (Abstract or Evaluative Terms):**,แสดงแนวคิดเชิงประเมินค่า
สิริมงคล,3,**คำเชิงนามธรรม หรือ คำเชิงประเมินค่า (Abstract or Evaluative Terms):**,แสดงคุณค่า ความเชื่อ
ภูมิปัญญา,3,**คำเชิงนามธรรม หรือ คำเชิงประเมินค่า (Abstract or Evaluative Terms):**,แสดงแนวคิดเชิงนามธรรม
ความร่มเย็น,3,**คำเชิงนามธรรม หรือ คำเชิงประเมินค่า (Abstract or Evaluative Terms):**,แสดงความรู้สึก/คุณค่า
ความคิดริเริ่ม,3,**คำเชิงนามธรรม หรือ คำเชิงประเมินค่า (Abstract or Evaluative Terms):**,แสดงแนวคิดเชิงนามธรรม
ความสามัคคี,3,**คำเชิงนามธรรม หรือ คำเชิงประเมินค่า (Abstract or Evaluative Terms):**,แสดงแนวคิดเชิงนามธรรม
ความกตัญญู,3,**คำเชิงนามธรรม หรือ คำเชิงประเมินค่า (Abstract or Evaluative Terms):**,แสดงแนวคิดเชิงนามธรรม
แรงบันดาลใจ,3,**คำเชิงนามธรรม หรือ คำเชิงประเมินค่า (Abstract or Evaluative Terms):**,แสดงแนวคิดเชิงนามธรรม
พิธีกรรม,3,**คำเฉพาะโดเมนที่พบบ่อยเกินไป (Domain-Specific Overuse):**,คำพื้นฐานในโดเมน ทำให้จำแนกต่ำ
วรรณคดี,3,**คำเฉพาะโดเมนที่พบบ่อยเกินไป (Domain-Specific Overuse):**,คำพื้นฐานในโดเมน ทำให้จำแนกต่ำ
การบรรเลง,3,**คำเฉพาะโดเมนที่พบบ่อยเกินไป (Domain-Specific Overuse):**,คำพื้นฐานในโดเมน ทำให้จำแนกต่ำ
ละคร,3,**คำเฉพาะโดเมนที่พบบ่อยเกินไป (Domain-Specific Overuse):**,คำพื้นฐานในโดเมน ทำให้จำแนกต่ำ
การฟ้อนรำ,3,**คำเฉพาะโดเมนที่พบบ่อยเกินไป (Domain-Specific Overuse):**,คำพื้นฐานในโดเมน ทำให้จำแนกต่ำ
นาฏศิลป์,3,**คำเฉพาะโดเมนที่พบบ่อยเกินไป (Domain-Specific Overuse):**,คำพื้นฐานในโดเมน ทำให้จำแนกต่ำ
ศิลปะ,3,**คำเฉพาะโดเมนที่พบบ่อยเกินไป (Domain-Specific Overuse):**,คำพื้นฐานในโดเมน ทำให้จำแนกต่ำ
ประติมากรรม,3,**คำเฉพาะโดเมนที่พบบ่อยเกินไป (Domain-Specific Overuse):**,คำพื้นฐานในโดเมน ทำให้จำแนกต่ำ
มรดกวัฒนธรรม,3,**คำเฉพาะโดเมนที่พบบ่อยเกินไป (Domain-Specific Overuse):**,คำพื้นฐานในโดเมน ทำให้จำแนกต่ำ
อาณาจักร,2,**คำที่มีความหมายกว้าง (Umbrella Terms):**,นามทั่วไป ใช้เป็นหมวดหมู่
อาชีพ,2,**คำที่มีความหมายกว้าง (Umbrella Terms):**,นามทั่วไป ใช้เป็นหมวดหมู่
แนวความคิด,2,**คำที่มีความหมายกว้าง (Umbrella Terms):**,คำที่มีความหมายกว้าง
บุรุษ,2,**คำที่มีความหมายกว้าง (Umbrella Terms):**,นามทั่วไป ไม่ชี้เฉพาะเจาะจง
กลุ่มชน,2,**คำที่มีความหมายกว้าง (Umbrella Terms):**,นามทั่วไป ไม่ชี้เฉพาะเจาะจง
ธรรมชาติ,2,**คำที่มีความหมายกว้าง (Umbrella Terms):**,คำที่มีความหมายกว้างมาก
สวยงาม,2,**คำเชิงนามธรรม หรือ คำเชิงประเมินค่า (Abstract or Evaluative Terms):**,แสดงคุณค่า/ความคิดเห็น
เริงใจ,2,**คำเชิงนามธรรม หรือ คำเชิงประเมินค่า (Abstract or Evaluative Terms):**,แสดงความรู้สึก
ความเพลิดเพลิน,2,**คำเชิงนามธรรม หรือ คำเชิงประเมินค่า (Abstract or Evaluative Terms):**,แสดงความรู้สึก
ความสุข,2,**คำเชิงนามธรรม หรือ คำเชิงประเมินค่า (Abstract or Evaluative Terms):**,แสดงความรู้สึก
ความชำนาญ,2,**คำเชิงนามธรรม หรือ คำเชิงประเมินค่า (Abstract or Evaluative Terms):**,แสดงแนวคิดเชิงประเมินค่า
โดดเด่น,2,**คำเชิงนามธรรม หรือ คำเชิงประเมินค่า (Abstract or Evaluative Terms):**,แสดงคุณค่า/ความคิดเห็น
อิทธิพล,2,**คำเชิงนามธรรม หรือ คำเชิงประเมินค่า (Abstract or Evaluative Terms):**,แสดงแนวคิดเชิงนามธรรม
ความทรงจำ,2,**คำเชิงนามธรรม หรือ คำเชิงประเมินค่า (Abstract or Evaluative Terms):**,แสดงแนวคิดเชิงนามธรรม
ความสมบูรณ์,2,**คำเชิงนามธรรม หรือ คำเชิงประเมินค่า (Abstract or Evaluative Terms):**,แสดงแนวคิดเชิงนามธรรม
วิถีชีวิต,2,**คำเชิงนามธรรม หรือ คำเชิงประเมินค่า (Abstract or Evaluative Terms):**,แสดงแนวคิดเชิงนามธรรม
การละเล่นพื้นเมือง,2,**คำเฉพาะโดเมนที่พบบ่อยเกินไป (Domain-Specific Overuse):**,คำพื้นฐานในโดเมน ทำให้จำแนกต่ำ
การต่อสู้,2,**คำเฉพาะโดเมนที่พบบ่อยเกินไป (Domain-Specific Overuse):**,คำพื้นฐานในโดเมน ทำให้จำแนกต่ำ
เครื่องแต่งกาย,2,**คำเฉพาะโดเมนที่พบบ่อยเกินไป (Domain-Specific Overuse):**,คำพื้นฐานในโดเมน ทำให้จำแนกต่ำ
ศิลปกรรม,2,**คำเฉพาะโดเมนที่พบบ่อยเกินไป (Domain-Specific Overuse):**,คำพื้นฐานในโดเมน ทำให้จำแนกต่ำ
กิริยาท่าทาง,2,**คำซ้ำซ้อน หรือ คำพ้องความหมาย (Redundant or Synonym):**,ความหมายซ้ำซ้อนกับ `ท่าทาง`
การต่อสู้,2,**คำซ้ำซ้อน หรือ คำพ้องความหมาย (Redundant or Synonym):**,พบคำนี้ 2 ครั้งในกลุ่มข้อมูล
