item,gold_tokens,predicted_tokens,TP,FP,FN,FP_words,FN_words
กรุงเทพ,"กระบวนท่ารำ, กรุงเทพมหานคร, กินเนสส์บุ๊ค, นางฟ้า, วาดภาพ, หนังใหญ่, เทวดา","กระบวนท่ารำ, กรุงเทพมหานคร, การรบ, กินเนสส์บุ๊ค, นางฟ้า, วาดภาพ, สีน้ำเงิน, หนังใหญ่, ออกรบ, เทวดา",7,3,0,"การรบ, สีน้ำเงิน, ออกรบ",
กีปัสเรนัง,"ขบวนแห่, ขับไล่, บุหรงซีงอ, ปัดเป่า, ปัตตานี, พัดเรนัง, ภาคใต้, มลายู, สิ่งชั่วร้าย","ขบวนแห่, ขับไล่, ธงไทย, บุหรงซีงอ, ปัดเป่า, ปัตตานี, ฝากตัว, พัดเรนัง, ภาคใต้, มลายู, ร่มเย็น, สิ่งชั่วร้าย, สีน้ำเงิน",9,4,0,"ธงไทย, ฝากตัว, ร่มเย็น, สีน้ำเงิน",
จตุรภาคี,"ตารีกีปัส, ภาคเหนือ, ภาคใต้, สี่ภาค, เถิดเทิง","ตารี, ตารีกีปัส, ภาคกลาง, ภาคตะวันออกเฉียงเหนือ, ภาคเหนือ, ภาคใต้, สี่ภาค, เถิดเทิง",5,3,0,"ตารี, ภาคกลาง, ภาคตะวันออกเฉียงเหนือ",
เจ้าพระยานที,"ความสำนึก, ฝั่งน้ำ, สืบทอด, หล่อหลอม, หล่อเลี้ยง, เจ้าพระยา","การรบ, ความสำนึก, ชาวนา, ธงไทย, ฝั่งน้ำ, พระยา, พระลาน, สำนึก, สืบทอด, หล่อหลอม, หล่อเลี้ยง, เจ้าพระยา, แหล่งน้ำ",6,7,0,"การรบ, ชาวนา, ธงไทย, พระยา, พระลาน, สำนึก, แหล่งน้ำ",
ชาติพันธุ์สราญ,"การหลอมรวม, ชาติพันธุ์, นครปฐม, ร่มพระบารมี, ลาวครั่ง, ลาวเวียง, อันหนึ่งอันเดียว, ไทยจีน, ไทยทรงดำ, ไทยรามัญ","การรบ, การหลอมรวม, งานรื่นเริง, ชาติพันธุ์, นครปฐม, นางรื่น, พระยา, ภาคใต้, ร่มพระบารมี, ลาวครั่ง, ลาวเวียง, อันหนึ่งอันเดียว, อินเดีย, ไทยจีน, ไทยทรงดำ, ไทยรามัญ",10,6,0,"การรบ, งานรื่นเริง, นางรื่น, พระยา, ภาคใต้, อินเดีย",
ชาวดอย,"ผูกพัน, ภาคเหนือ, สืบทอด, เกษตรกรรม","การประกอบอาชีพ, ผูกพัน, ภาคเหนือ, มารดา, สีน้ำเงิน, สืบทอด, เกษตรกรรม",4,3,0,"การประกอบอาชีพ, มารดา, สีน้ำเงิน",
ตะกล้อล้อท่า,"กระบวนท่ารำ, ชาวบ้าน, ตะกร้อ, ตีลังกา, ท่าทาง, นานาชาติ, ศีรษะ, แม่ท่า","กระบวนท่ารำ, การรบ, ความคล่องแคล่ว, ความว่องไว, ชาวบ้าน, ตะกร้อ, ตีลังกา, ต่อสู้, ท่าทาง, ธงไทย, นางใน, นานาชาติ, ฟาดฟัน, ศิลปะป้องกันตัว, ศีรษะ, สะล้อ, สีน้ำเงิน, แม่ท่า, แม่บท",8,11,0,"การรบ, ความคล่องแคล่ว, ความว่องไว, ต่อสู้, ธงไทย, นางใน, ฟาดฟัน, ศิลปะป้องกันตัว, สะล้อ, สีน้ำเงิน, แม่บท",
นบนที,"ขอขมา, พระแม่คงคา, ลอยกระทง, สำนึก, สิ่งศักดิ์สิทธิ์","กระทุ้ง, ขอขมา, พระแม่คงคา, ลอยกระทง, สะล้อ, สิ่งศักดิ์สิทธิ์, ไทยทรงดำ",4,3,1,"กระทุ้ง, สะล้อ, ไทยทรงดำ",สำนึก
นักษัตร,"กระบวนท่ารำ, นักษัตร, ปกป้อง","กระบวนท่ารำ, ธงไทย, นักษัตร, ปกป้อง, สีน้ำเงิน",3,2,0,"ธงไทย, สีน้ำเงิน",
นาฏ ณ วัง,"ความภาคภูมิใจ, นาฏกรรม, ราชสำนัก, รำลึก, วังหน้า, หนังใหญ่","การรบ, ความภาคภูมิใจ, นาฏกรรม, พระยา, พระราชวังบวรสถานมงคล, พระราม, วังหน้า, สีน้ำเงิน, หนังใหญ่, ออกรบ",4,6,2,"การรบ, พระยา, พระราชวังบวรสถานมงคล, พระราม, สีน้ำเงิน, ออกรบ","ราชสำนัก, รำลึก"
นาฏยมวยไทย,"บรรพบุรุษ, มวยโบราณ, ศิลปะป้องกันตัว","ธงไทย, บรรพบุรุษ, ปกป้อง, มวยโบราณ, มวยไทย, ศิลปะป้องกันตัว",3,3,0,"ธงไทย, ปกป้อง, มวยไทย",
ผืนไท,"ธงไทย, พระมหากษัตริย์, ร่มเย็น, อาณาประชาราษฎร์, เชื้อชาติ","การรบ, ธงไทย, พระมหากษัตริย์, ภาคใต้, ร่มเย็น, สีน้ำเงิน, ออกรบ, อาณาประชาราษฎร์",4,4,1,"การรบ, ภาคใต้, สีน้ำเงิน, ออกรบ",เชื้อชาติ
พนาธาร,ผูกพัน,ผูกพัน,1,0,0,,
ฟ้อนขันดอก,"กระบวนท่ารำ, ขันดอก, ภาคเหนือ, ล้านนา","กระบวนท่ารำ, การแปร, ขันดอก, ภาคเหนือ, ล้านนา, สีน้ำเงิน",4,2,0,"การแปร, สีน้ำเงิน",
ฟ้อนลีลาวดี,"ต้นลีลาวดี, ต้นไม้, พระอุโบสถ, ร่มเย็น, วังหน้า, สุทธาวาส","การรบ, ตารี, ต้นลีลาวดี, ต้นไม้, พระลอ, พระอุโบสถ, ร่มเย็น, วังหน้า, สีน้ำเงิน, สุทธาวาส",6,4,0,"การรบ, ตารี, พระลอ, สีน้ำเงิน",
ระบำม้า,การเดินทาง,"การเดินทาง, หลงกล, เชษฐา",1,2,0,"หลงกล, เชษฐา",
ระบำอยุธยา,"ระบำโบราณคดี, ศิลปหัตถกรรม, เป็นครั้งแรก","ระบำโบราณคดี, ศิลปหัตถกรรม, ศิลปินแห่งชาติ, สังคีตศิลป์, อยุธยา, เป็นครั้งแรก",3,3,0,"ศิลปินแห่งชาติ, สังคีตศิลป์, อยุธยา",
รับขวัญข้าว,"การทำขวัญ, จารีตประเพณี, ธัญญาหาร, ผู้มีพระคุณ, พืชพรรณ, รุ่นหลัง, หล่อเลี้ยง","การทำขวัญ, จารีตประเพณี, ชาวนา, ต่อสู้, ธัญญาหาร, ผู้มีพระคุณ, พืชพรรณ, รุ่นหลัง, สวามี, สะล้อ, หล่อเลี้ยง",7,4,0,"ชาวนา, ต่อสู้, สวามี, สะล้อ",
ล่องใต้,"การประกอบอาชีพ, ดินแดน, ภาคใต้","การประกอบอาชีพ, การรบ, การแปร, ดินแดน, ภาคใต้, สะล้อ",3,3,0,"การรบ, การแปร, สะล้อ",
ลายเกราะ,"ดนตรีพื้นบ้าน, ภาคอีสาน, อีสาน","ดนตรีพื้นบ้าน, พระลอ, ภาคอีสาน, สัตว์น้ำ, สีน้ำเงิน, อีสาน, เกราะลอ, เครื่องดนตรี, เครื่องดนตรีพื้นบ้าน",3,6,0,"พระลอ, สัตว์น้ำ, สีน้ำเงิน, เกราะลอ, เครื่องดนตรี, เครื่องดนตรีพื้นบ้าน",
ลีลาหมากแก๊ป,"ชาวบ้าน, ดนตรีพื้นบ้าน, หญิงสาว, อีสาน, ไม้ยาว, ไม้สั้น","ชาวบ้าน, ดนตรีพื้นบ้าน, ภาคอีสาน, สีน้ำเงิน, หญิงสาว, หมากกั๊บแก๊บ, อีสาน, เครื่องดนตรี, เครื่องดนตรีพื้นบ้าน, เครื่องประกอบจังหวะ, ไม้ยาว, ไม้สั้น",6,6,0,"ภาคอีสาน, สีน้ำเงิน, หมากกั๊บแก๊บ, เครื่องดนตรี, เครื่องดนตรีพื้นบ้าน, เครื่องประกอบจังหวะ",
สยามภารตะ,"กระบวนท่ารำ, การหลอมรวม, ดินแดน, ราชสำนัก, อารยธรรม, อินเดีย","กระบวนท่ารำ, กองไฟ, การหลอมรวม, การไถ, ดินแดน, ธงไทย, นาฏศิลป์อินเดีย, ภารตนาฏยัม, อารยธรรม, อินเดีย, โอดิสสี",5,6,1,"กองไฟ, การไถ, ธงไทย, นาฏศิลป์อินเดีย, ภารตนาฏยัม, โอดิสสี",ราชสำนัก
สักการะเทวราช,"กรุงรัตนโกสินทร์, งานประติมากรรม, ตำรา, พระพุทธรูป, พระมหากษัตริย์, พระราชพิธี, พระอินทร์, มหรสพ, ลายเส้น, อยุธยา, อินทราภิเษก, เครื่องประดับ","กรุงรัตนโกสินทร์, การรบ, งานประติมากรรม, ตำรา, นิสัย, พระพุทธรูป, พระมหากษัตริย์, พระยา, พระราชพิธี, พระราม, พระลอ, พระอินทร์, มหรสพ, ลายเส้น, สวามี, อยุธยา, อินทราภิเษก, เครื่องประดับ, เทวดา, แต่งกายยืนเครื่องพระ",12,8,0,"การรบ, นิสัย, พระยา, พระราม, พระลอ, สวามี, เทวดา, แต่งกายยืนเครื่องพระ",
ออเจ้าชาวกรุงศรี,"การนุ่งห่ม, กุลสตรี, ราชสำนัก, เครื่องประดับ","การนุ่งห่ม, กุลสตรี, มารดา, เครื่องประดับ",3,1,1,มารดา,ราชสำนัก
ดาบสองมือ,"ความคล่องแคล่ว, ฟาดฟัน",,0,0,2,,"ความคล่องแคล่ว, ฟาดฟัน"
พลองไม้สั้น,"กระทุ้ง, ขั้นพื้นฐาน, ความว่องไว, ตัวต่อตัว, ต่อสู้, ประชิดตัว, ผู้แสดง, ลูกไม้, สีน้ำเงิน, สีแดง, ไม้สั้น","กระทุ้ง, กระบวนท่ารำ, การดีด, การศึก, ขั้นพื้นฐาน, ความว่องไว, จารึก, ตัวต่อตัว, ต่อสู้, ธงไทย, ประชิดตัว, ผู้แสดง, ลูกไม้, สัตว์น้ำ, สีน้ำเงิน, สีแดง, ไม้สั้น",11,6,0,"กระบวนท่ารำ, การดีด, การศึก, จารึก, ธงไทย, สัตว์น้ำ",
มวยคาดเชือก,"ผู้แสดง, มวยไทย, สมัยโบราณ","กระบวนท่ารำ, การศึก, ความคล่องแคล่ว, จารึก, ต่อสู้, ผู้แสดง, มวยโบราณ, มวยไทย, รับใช้, สมัยโบราณ, สัตว์น้ำ, แม่ไม้มวย",3,9,0,"กระบวนท่ารำ, การศึก, ความคล่องแคล่ว, จารึก, ต่อสู้, มวยโบราณ, รับใช้, สัตว์น้ำ, แม่ไม้มวย",
ระบำชาวนา,"การประกอบอาชีพ, การไถ, ชาวนา, ผู้แสดง","การประกอบอาชีพ, การรบ, การแปร, การไถ, ชาวนา, ผู้แสดง, สะล้อ",4,3,0,"การรบ, การแปร, สะล้อ",
รำเถิดเทิง,"กลองยาว, การตีกลอง, ยั่วเย้า, หยอกล้อ","กลองยาว, การตีกลอง, งานรื่นเริง, นางรื่น, ยั่วเย้า, หยอกล้อ, เถิดเทิง",4,3,0,"งานรื่นเริง, นางรื่น, เถิดเทิง",
รำวงมาตรฐาน,"กระบวนท่ารำ, เพลงคืนเดือนหงาย, เพลงงามแสงเดือน, เพลงชาวไทย, เพลงดวงจันทร์ขวัญฟ้า, เพลงดวงจันทร์วันเพ็ญ, เพลงดอกไม้ของชาติ, เพลงบูชานักรบ, เพลงยอดชายใจหาญ, เพลงรำซิมารำ, เพลงหญิงไทยใจงาม","กระบวนท่ารำ, การรบ, งานรื่นเริง, ชาวไทย, ที่รัก, ธงไทย, ภาคกลาง, ระบำมาตรฐาน, เพลงคืนเดือนหงาย, เพลงงามแสงเดือน, เพลงชาวไทย, เพลงดวงจันทร์ขวัญฟ้า, เพลงดวงจันทร์วันเพ็ญ, เพลงดอกไม้ของชาติ, เพลงบูชานักรบ, เพลงยอดชายใจหาญ, เพลงรำซิมารำ, เพลงหญิงไทยใจงาม",11,7,0,"การรบ, งานรื่นเริง, ชาวไทย, ที่รัก, ธงไทย, ภาคกลาง, ระบำมาตรฐาน",
รำสีนวล,กุลสตรี,"การขับร้อง, กุลสตรี, สีน้ำเงิน",1,2,0,"การขับร้อง, สีน้ำเงิน",
โนรา,"กินรี, ชาวไทย, บูชาครู, ภาคใต้, มรดกภูมิปัญญาทางวัฒนธรรม, มีแบบแผน, ยูเนสโก, สวัสดิมงคล","การขับร้อง, การรบ, กินรี, ชาวไทย, บูชาครู, ภาคใต้, มรดกภูมิปัญญาทางวัฒนธรรม, มีแบบแผน, มโนราห์, ยูเนสโก, สวัสดิมงคล",8,3,0,"การขับร้อง, การรบ, มโนราห์",
รองเง็ง,"ค้าขาย, งานรื่นเริง, ชายแดน, ชาวไทย, ตะวันตก, ผู้แสดง, ภาคใต้, มลายู, โปรตุเกส","ค้าขาย, งานรื่นเริง, ชายแดน, ชาวไทย, ตะวันตก, ท่าทาง, ธงไทย, ผู้แสดง, ภาคใต้, มลายู, โปรตุเกส",9,2,0,"ท่าทาง, ธงไทย",
ระบำตารีกีปัส,"ผู้แสดง, ภาคใต้, รำพัด, เครื่องดนตรีตะวันตก, เครื่องประกอบจังหวะ","ตะวันตก, ตารี, ตารีกีปัส, ธงไทย, ผู้แสดง, ภาคใต้, สีน้ำเงิน, เครื่องดนตรี, เครื่องดนตรีตะวันตก, เครื่องดนตรีพื้นบ้าน, เครื่องประกอบจังหวะ, เครื่องประดับ",4,8,1,"ตะวันตก, ตารี, ตารีกีปัส, ธงไทย, สีน้ำเงิน, เครื่องดนตรี, เครื่องดนตรีพื้นบ้าน, เครื่องประดับ",รำพัด
ระบำตารีบุหงา,"กระบวนท่ารำ, ของที่ระลึก, งานแต่งงาน, ชาวไทย, ช่อดอกไม้, ตารีบุหงา, ผู้แสดง, พื้นบ้านภาคใต้, มุสลิม","กระบวนท่ารำ, ของที่ระลึก, งานแต่งงาน, ชาวไทย, ช่อดอกไม้, ตารี, ตารีบุหงา, ผู้แสดง, พื้นบ้านภาคใต้, ภาคใต้, มลายู, มุสลิม, รำลึก",9,4,0,"ตารี, ภาคใต้, มลายู, รำลึก",
ระบำร่อนแร่,"การประกอบอาชีพ, การร่อนแร่, ภาคใต้, หญิงสาว, แหล่งน้ำ","การประกอบอาชีพ, การรบ, การร่อนแร่, การแปร, งานรื่นเริง, ธงไทย, นางรื่น, ภาคใต้, หญิงสาว, แหล่งน้ำ",5,5,0,"การรบ, การแปร, งานรื่นเริง, ธงไทย, นางรื่น",
กลองสะบัดชัย,"กลองสะบัดชัย, การตีกลอง, ขบวนแห่, ข้าศึก, ท่าทาง, พิธีทางศาสนา, ภาคเหนือ, ล้านนา, ออกรบ, โลดโผน","กลองสะบัดชัย, การตีกลอง, การรบ, การศึก, ขบวนแห่, ข้าศึก, ความคล่องแคล่ว, ความว่องไว, ชาวบ้าน, ท่าทาง, ธงไทย, นิมิต, พิธีทางศาสนา, ภาคเหนือ, ล้านนา, สงคราม, สีน้ำเงิน, ออกรบ, โลดโผน",10,9,0,"การรบ, การศึก, ความคล่องแคล่ว, ความว่องไว, ชาวบ้าน, ธงไทย, นิมิต, สงคราม, สีน้ำเงิน",
ฟ้อนจันทราพาฝัน,"ชาวเหนือ, หญิงสาว, เพลงลาวคำหอม, แสงจันทร์","ชาวนา, ชาวเหนือ, ผู้หญิง, ศิลปินแห่งชาติ, หญิงสาว, ออกรบ, เพลงลาวคำหอม, แสงจันทร์",4,4,0,"ชาวนา, ผู้หญิง, ศิลปินแห่งชาติ, ออกรบ",
ฟ้อนเจิง,"ภาคเหนือ, ล้านนา","ชาวบ้าน, ต่อสู้, ธงไทย, ภาคเหนือ, ล้านนา",2,3,0,"ชาวบ้าน, ต่อสู้, ธงไทย",
ฟ้อนดวงเดือน,"การเกี้ยวพาราสี, ชายหนุ่ม, พระนิพนธ์, หญิงสาว, เพลงอัตราจังหวะสองชั้น","การเกี้ยวพาราสี, ชายหนุ่ม, พระนิพนธ์, สีทอง, หญิงสาว, เพลงอัตราจังหวะสองชั้น",5,1,0,สีทอง,
ฟ้อนที,"ดนตรีพื้นบ้าน, ภาคเหนือ, แม่ฮ่องสอน","ชาวเหนือ, ดนตรีพื้นบ้าน, ธงไทย, ภาคเหนือ, แม่ฮ่องสอน",3,2,0,"ชาวเหนือ, ธงไทย",
ฟ้อนเทียน,"กลางคืน, จุดไฟ, ภาคเหนือ, หญิงสาว","กลางคืน, จุดไฟ, ภาคเหนือ, หญิงสาว",4,0,0,,
ฟ้อนผาง,"จุดไฟ, ผางประทีป, ผู้แสดง, ภาคเหนือ, ภาชนะดินเผา, ล้านนา","จุดไฟ, ชาวบ้าน, ธงไทย, ผางประทีป, ผู้แสดง, ภาคเหนือ, ภาชนะดินเผา, มารดา, ล้านนา, เอาชนะ",6,4,0,"ชาวบ้าน, ธงไทย, มารดา, เอาชนะ",
ฟ้อนมาลัย,"กรมศิลปากร, ข้าหลวง, นางพญาคำปิน, พญาผานอง, พระชายา, พระบาทสมเด็จพระจุลจอมเกล้าเจ้าอยู่หัว, ราชสำนัก, ละครพันทาง, อาจารย์, เจ้าดารารัศมี, เชียงใหม่, เพลงฟ้อนดวงดอกไม้, เพลงสำเนียงลาว, โรงละครแห่งชาติ","กรมศิลปากร, ข้าหลวง, ความสำนึก, นางพญาคำปิน, นางฟ้า, ผู้หญิง, พญาผานอง, พระชายา, พระบาทสมเด็จพระจอมเกล้าเจ้าอยู่หัว, พระบาทสมเด็จพระจุลจอมเกล้าเจ้าอยู่หัว, พระพาย, พระยา, ราชสำนัก, ละครพันทาง, สำนึก, อาจารย์, เจ้าดารารัศมี, เชียงใหม่, เพลงฟ้อนดวงดอกไม้, เพลงสำเนียงลาว, โรงละครแห่งชาติ",14,7,0,"ความสำนึก, นางฟ้า, ผู้หญิง, พระบาทสมเด็จพระจอมเกล้าเจ้าอยู่หัว, พระพาย, พระยา, สำนึก",
ฟ้อนรัก,"ท้าวพิชัยพิษณุกร, นางรื่น, นางโรย, นายขวัญ, นายแก้ว, พระนิพนธ์, พระพี่เลี้ยง, พระลอ, พระเจ้าบรมวงศ์เธอกรมพระนราธิปประพันธ์พงศ์, พระเพื่อน, พระแพง, ละครพันทาง, ลิลิตพระลอ, แมนสรวง","จับนาง, ท้าวพิชัยพิษณุกร, นางรื่น, นางโรย, นายขวัญ, นายแก้ว, พระนิพนธ์, พระพี่เลี้ยง, พระยา, พระราม, พระลอ, พระเจ้าบรมวงศ์เธอกรมพระนราธิปประพันธ์พงศ์, พระเพื่อน, พระแพง, รำลึก, ละครพันทาง, ลิลิตพระลอ, แมนสรวง",14,4,0,"จับนาง, พระยา, พระราม, รำลึก",
ฟ้อนเล็บ,"ผู้มาเยือน, ผู้แสดง, ภาคเหนือ, สีทอง","ต้นรัง, ธงไทย, ผู้มาเยือน, ผู้แสดง, ภาคเหนือ, สีทอง",4,2,0,"ต้นรัง, ธงไทย",
ฟ้อนสาวไหม,"ดนตรีพื้นบ้าน, ทอผ้า, ผ้าไหม, ภาคเหนือ, สะล้อ","ดนตรีพื้นบ้าน, ทอผ้า, ผ้าไหม, ภาคเหนือ, สะล้อ, เครื่องดนตรี, เครื่องดนตรีพื้นบ้าน, แหล่งน้ำ",5,3,0,"เครื่องดนตรี, เครื่องดนตรีพื้นบ้าน, แหล่งน้ำ",
ระบำเก็บใบชา,"การเก็บใบชา, ชาวพื้นเมือง, ชาวเขา, ผึ่งแดด, ผู้แสดง, ภาคเหนือ, ใบชา, ไหล่เขา","การเก็บใบชา, การเดินทาง, งานรื่นเริง, ชาวพื้นเมือง, ชาวเขา, ธงไทย, ผึ่งแดด, ผู้แสดง, ภาคเหนือ, ใบชา, ไหล่เขา",8,3,0,"การเดินทาง, งานรื่นเริง, ธงไทย",
กระทบสากหรือกระทบไม้,"กระทบไม้, ชาวไทย, นิสัย, พระจันทร์, ภาคอีสาน, สากตำข้าว, สุรินทร์, เครื่องประกอบจังหวะ, เต้นสาก","กระทบไม้, การเกี้ยวพาราสี, ชาวไทย, ธงไทย, นิสัย, พระจันทร์, ภาคอีสาน, สากตำข้าว, สุรินทร์, อีสาน, เครื่องประกอบจังหวะ, เครื่องประดับ, เต้นสาก",9,4,0,"การเกี้ยวพาราสี, ธงไทย, อีสาน, เครื่องประดับ",
เซิ้งกระติบข้าว,"กระบวนท่ารำ, การดีด, การปั้น, ข้าวเหนียว, ชาวภูไท, ที่รัก, หญิงสาว","กระบวนท่ารำ, การดีด, การปั้น, การเดินทาง, ข้าวเหนียว, งานรื่นเริง, ชาวนา, ชาวภูไท, ที่รัก, ท่าทาง, หญิงสาว",7,4,0,"การเดินทาง, งานรื่นเริง, ชาวนา, ท่าทาง",
เซิ้งตังหวาย,"การขับร้อง, ลำตังหวาย, แม่น้ำโขง","การขับร้อง, ธงไทย, ลำตังหวาย, แม่น้ำโขง, แหล่งน้ำ",3,2,0,"ธงไทย, แหล่งน้ำ",
เซิ้งไทภูเขา,"การเดินทาง, ขอขมา, ชาวภูไท, ชาวไทย, ผีภู, ภูเขา, ย่านาง, วัตถุดิบ, หน่อไม้, เจ้าที่เจ้าทาง, เทือกเขาภูพาน, ไทภูเขา","การเดินทาง, ขอขมา, ชาวภูไท, ชาวไทย, ผีภู, ภูเขา, ย่านาง, วัตถุดิบ, หน่อไม้, เจ้าที่เจ้าทาง, เทือกเขาภูพาน, ไทภูเขา",12,0,0,,
เซิ้งโปงลาง,"ชายหนุ่ม, ผู้แสดง, สังสรรค์, หญิงสาว, เครื่องดนตรี, โปงลาง","การเกี้ยวพาราสี, ชายหนุ่ม, ผู้แสดง, มารดา, สังสรรค์, หญิงสาว, เครื่องดนตรี, แหล่งน้ำ, โปงลาง",6,3,0,"การเกี้ยวพาราสี, มารดา, แหล่งน้ำ",
เซิ้งสวิง,"กระบวนท่ารำ, การจับปลา, ผู้แสดง, สัตว์น้ำ, หยอกล้อ","กระบวนท่ารำ, การจับปลา, การประกอบอาชีพ, ท่าทาง, ผู้แสดง, ภาคตะวันออกเฉียงเหนือ, สัตว์น้ำ, สีน้ำเงิน, หยอกล้อ",5,4,0,"การประกอบอาชีพ, ท่าทาง, ภาคตะวันออกเฉียงเหนือ, สีน้ำเงิน",
ฟ้อนภูไท,"กาฬสินธุ์, ชาวภูไท, ดินแดน, นครพนม, มุกดาหาร, สกลนคร, สายสืบ, สีแดง, เทือกเขาภูพาน, แม่น้ำโขง","การรบ, กาฬสินธุ์, งานรื่นเริง, ชาวภูไท, ดินแดน, นครพนม, มุกดาหาร, สกลนคร, สัตว์น้ำ, สายสืบ, สีแดง, เทือกเขาภูพาน, แม่น้ำโขง, แหล่งน้ำ",10,4,0,"การรบ, งานรื่นเริง, สัตว์น้ำ, แหล่งน้ำ",
ฟ้อนภูไท 3 เผ่า,"การเกี้ยวพาราสี, กาฬสินธุ์, ชาวภูไท, ต่อสู้, นครพนม, ผู้แสดง, มวยโบราณ, สกลนคร, เทือกเขาภูพาน","การปั้น, การเกี้ยวพาราสี, กาฬสินธุ์, ชาวภูไท, ต่อสู้, นครพนม, ผู้แสดง, มวยโบราณ, สกลนคร, สีทอง, เชิงมวย, เทือกเขาภูพาน",9,3,0,"การปั้น, สีทอง, เชิงมวย",
ฟ้อนหมากกั๊บแก๊บลำเพลิน,"การขับร้อง, ดนตรีพื้นบ้าน, ฟันปลา, ภาคอีสาน, หยอกล้อ, อีสาน, เครื่องดนตรี, ไม้ยาว, ไม้สั้น","การขับร้อง, การรบ, ดนตรีพื้นบ้าน, ฟันปลา, ภาคอีสาน, ลำเพลิน, สัตว์น้ำ, สีน้ำเงิน, หมากกั๊บแก๊บ, หยอกล้อ, อีสาน, เครื่องดนตรี, ไม้ยาว, ไม้สั้น",9,5,0,"การรบ, ลำเพลิน, สัตว์น้ำ, สีน้ำเงิน, หมากกั๊บแก๊บ",
การแสดงโขนเรื่องรามเกียรติ์ ชุดยกรบ,"กรุงลงกา, กองทัพ, การขึ้นลอย, การรบ, ชั้นเชิง, ทศกัณฐ์, พระราม, พระลักษมณ์","กรุงลงกา, กองทัพ, การขึ้นลอย, การรบ, การแปร, ชั้นเชิง, ทศกัณฐ์, พระยา, พระราม, พระลอ, พระลักษมณ์, รำลึก, วานร, สงคราม, สีน้ำเงิน, ไพร่พล",8,8,0,"การแปร, พระยา, พระลอ, รำลึก, วานร, สงคราม, สีน้ำเงิน, ไพร่พล",
การแสดงโขนเรื่องรามเกียรติ์ ตอน  จองถนน,"กรุงลงกา, จองถนน, ชามพูวราช, ทะเล, นิมิต, พระราม, พระเมรุ, พลลิง, วิดน้ำ, สมควร, สำเภา, อาสา, เมืองขีดขิน, เมืองชมพู","กรุงลงกา, การแปร, ขีดขิน, จองถนน, ชามพูวราช, ทะเล, นิมิต, พระยา, พระราม, พระเมรุ, พลลิง, วานร, วิดน้ำ, สมควร, สำเภา, อาสา, เมืองขีดขิน, เมืองชมพู, ไพร่พล",14,5,0,"การแปร, ขีดขิน, พระยา, วานร, ไพร่พล",
การแสดงโขนเรื่องรามเกียรติ์ ตอน  นารายณ์ปราบนนทก,"นนทก, นิ้วเพชร, พระนารายณ์, พระอิศวร, รับใช้, เขาไกลลาศ, เทวดา","การแปร, ที่รัก, นนทก, นิ้วเพชร, พระนารายณ์, พระยา, พระลอ, พระศิวะ, พระอิศวร, รับใช้, เขาไกลลาศ, เทวดา",7,5,0,"การแปร, ที่รัก, พระยา, พระลอ, พระศิวะ",
การแสดงโขนเรื่องรามเกียรติ์ ตอน  ศึกแสงอาทิตย์,"กองทัพ, ทศกัณฐ์, พญาขร, พระพรหม, พระราม, พิเภก, มังกรกัณฐ์, อนุชา, อุบาย, แว่นแก้วสุรกานต์, แสงอาทิตย์, โอรส","กองทัพ, การรบ, การศึก, การแปร, ทศกัณฐ์, พญาขร, พระพรหม, พระยา, พระราม, พิเภก, มังกรกัณฐ์, อนุชา, อุบาย, แว่นแก้วสุรกานต์, แสงอาทิตย์, โอรส",12,4,0,"การรบ, การศึก, การแปร, พระยา",
การแสดงโขนเรื่องรามเกียรติ์ ตอน  หนุมานชาญสมร,"กรุงลงกา, กองทัพ, การให้กำเนิด, กุณฑล, ขนเพชร, จำกาย, ทหารเอก, บิดา, ฝากตัว, พระนารายณ์, พระพาย, พระราม, พระอิศวร, พละกำลัง, พลับพลา, รับใช้, วานร, สวามิภักดิ์, หนุมาน, อวตาร, เขี้ยวแก้ว","กรุงลงกา, กองทัพ, การแปร, การให้กำเนิด, กุณฑล, ขนเพชร, จำกาย, ฉลองพระองค์, ทหารเอก, นางสวาหะ, บิดา, ฝากตัว, พระนารายณ์, พระพาย, พระยา, พระราม, พระลอ, พระศิวะ, พระอิศวร, พละกำลัง, พลับพลา, รับใช้, วานร, สวามิภักดิ์, สวามี, หนุมาน, อวตาร, เขี้ยวแก้ว",21,7,0,"การแปร, ฉลองพระองค์, นางสวาหะ, พระยา, พระลอ, พระศิวะ, สวามี",
การแสดงโขนเรื่องรามเกียรติ์ ตอน กุมภกรรณพุ่งหอกโมกขศักดิ์,"กรุงลงกา, การศึก, กุมภกรรณ, ขับไล่, ดำรงตำแหน่ง, ทศกัณฐ์, นางสีดา, พระพรหม, พระราม, มัยราพณ์, ยุติธรรม, รับอาสา, ร้ายกาจ, สัจจะ, หอกโมกขศักดิ์, อนุชา, อุปราช","กรุงลงกา, การยุติ, การศึก, การุณราช, การแปร, กุมภกรรณ, ขับไล่, จารึก, ดำรงตำแหน่ง, ทศกัณฐ์, นางสีดา, พระพรหม, พระยา, พระราม, มัยราพณ์, ยุติธรรม, รับอาสา, ร้ายกาจ, สงคราม, สัจจะ, สีน้ำเงิน, หอกโมกขศักดิ์, อนุชา, อาสา, อุปราช",17,8,0,"การยุติ, การุณราช, การแปร, จารึก, พระยา, สงคราม, สีน้ำเงิน, อาสา",
การแสดงโขนเรื่องรามเกียรติ์ ตอน ขับพิเภก,"กรุงลงกา, กะลา, การศึก, จุดไฟ, ทศกัณฐ์, ทำนาย, ทิศตะวันตก, ทิศตะวันออก, นางสีดา, น้ำมันยาง, ปราชัย, พระญาติ, พระราม, พระลาน, พิเภก, รับใช้, ร้อนแรง, สมบัติ, สะเดาะเคราะห์, สำมนักขา, ให้ร้าย, ไฟไหม้, ไส้กะลา","กรุงลงกา, กะลา, การศึก, การแปร, ขับไล่, จารึก, จุดไฟ, ตะวันตก, ทศกัณฐ์, ทำนาย, ทิศตะวันตก, ทิศตะวันออก, นางสีดา, นางใน, น้ำมันยาง, ปราชัย, พญาขร, พระญาติ, พระยา, พระราม, พระลอ, พระลาน, พลลิง, พิเภก, รัชฎา, รับใช้, ร้อนแรง, ร้ายกาจ, สมบัติ, สวามี, สะเดาะเคราะห์, สำมนักขา, ออกรบ, เจ้าเมือง, ให้ร้าย, ไฟไหม้, ไส้กะลา",23,14,0,"การแปร, ขับไล่, จารึก, ตะวันตก, นางใน, พญาขร, พระยา, พระลอ, พลลิง, รัชฎา, ร้ายกาจ, สวามี, ออกรบ, เจ้าเมือง",
การแสดงโขนเรื่องรามเกียรติ์ ตอน นางลอย,"กรุงลงกา, กองทัพ, ทศกัณฐ์, ทำนาย, นางสีดา, พระราม, พลับพลา, พิเภก, สงคราม, สะเดาะเคราะห์, เบญกาย","กรุงลงกา, กองทัพ, การยุติ, การศึก, การแปร, ทศกัณฐ์, ทำนาย, นางสีดา, พระยา, พระราม, พลับพลา, พิเภก, ย่านาง, สงคราม, สะเดาะเคราะห์, สีน้ำเงิน, เบญกาย, แปลงกาย, แหล่งน้ำ",11,8,0,"การยุติ, การศึก, การแปร, พระยา, ย่านาง, สีน้ำเงิน, แปลงกาย, แหล่งน้ำ",
การแสดงโขนเรื่องรามเกียรติ์ ตอน พระรามตามกวาง,"กวางทอง, กากนาสูร, ทศกัณฐ์, นางสีดา, พระยา, พระราม, มารีศ, แปลงกาย","กวางทอง, กากนาสูร, การแปร, กาลสูร, ทศกัณฐ์, นางสีดา, พระพาย, พระยา, พระราม, มารีศ, อุบาย, แปลงกาย",8,4,0,"การแปร, กาลสูร, พระพาย, อุบาย",
การแสดงโขนเรื่องรามเกียรติ์ ตอน ลักสีดา,"กรุงลงกา, กวางทอง, ขอความช่วยเหลือ, คำบอกเล่า, จำกาย, ทศกัณฐ์, นางสีดา, พระราม, พระลักษมณ์, มารีศ, ฤาษี, สำมนักขา","กรุงลงกา, กวางทอง, การแปร, ขอความช่วยเหลือ, คำบอกเล่า, จำกาย, ทศกัณฐ์, นางสีดา, พระยา, พระราม, พระลอ, พระลักษมณ์, มารีศ, รำลึก, ฤาษี, สำมนักขา, สีแดง",12,5,0,"การแปร, พระยา, พระลอ, รำลึก, สีแดง",
การแสดงโขนเรื่องรามเกียรติ์ ตอน ศึกพรหมาสตร์,"กองทัพ, การุณราช, กาลสูร, ช้างเอราวัณ, ทศกัณฐ์, นางฟ้า, พระราม, พระอินทร์, มังกรกัณฐ์, รุทการ, สังหาร, สิ้นชีวิต, หลงกล, อินทรชิต, เทวดา, แปลงกาย, แสงอาทิตย์, ไพร่พล","กองทัพ, การศึก, การุณราช, การแปร, กาลสูร, ช้างเอราวัณ, ทศกัณฐ์, นางฟ้า, พรหมาสตร์, พระยา, พระราม, พระลอ, พระอินทร์, มังกรกัณฐ์, รุทการ, สังหาร, สิ้นชีวิต, หลงกล, อินทรชิต, เทวดา, แปลงกาย, แสงอาทิตย์, ไพร่พล",18,5,0,"การศึก, การแปร, พรหมาสตร์, พระยา, พระลอ",
การแสดงโขนเรื่องรามเกียรติ์ ตอน ศึกวิรุญจำบัง,"กรุงลงกา, จารึก, ทศกัณฐ์, ท้าวลัสเตียน, ท้าวสัทธาสูร, นางสีดา, นิลพาหุ, น้องชาย, บิดา, พญาทูษณ์, พระราม, มารดา, รัชฎา, รับอาสา, หายตัว, เจ้าเมือง, โอรส","กรุงลงกา, การศึก, การแปร, จับนาง, จารึก, ทศกัณฐ์, ท้าวลัสเตียน, ท้าวสัทธาสูร, นางสีดา, นิลพาหุ, น้องชาย, บิดา, พญาทูษณ์, พระยา, พระราม, มารดา, รัชฎา, รับอาสา, รำคู่, วานร, วิรุญจำบัง, สงคราม, สัทธาสูร, สีน้ำเงิน, หายตัว, อาสา, เจ้าเมือง, โอรส",17,11,0,"การศึก, การแปร, จับนาง, พระยา, รำคู่, วานร, วิรุญจำบัง, สงคราม, สัทธาสูร, สีน้ำเงิน, อาสา",
การแสดงโขนเรื่องรามเกียรติ์ ตอน ศึกวิรุญมุข,"ขัดตาทัพ, ข่ายเหล็ก, ชามพูวราช, ทศกัณฐ์, พระราม, พระลักษมณ์, พลลิง, พิเภก, มังกรกัณฐ์, รับอาสา, วิรุญจำบัง, วิรุญมุข, ศรนาคบาศ, สมรภูมิ, หนุมาน, หายตัว, อินทรชิต, เขาอังกาศ, เดินอากาศ, โอรส","การรบ, การศึก, การแปร, ขัดตาทัพ, ข่ายเหล็ก, ชามพูวราช, ตัวพระ, ทศกัณฐ์, ทำนาย, พระยา, พระราม, พระลอ, พระลักษมณ์, พลลิง, พิเภก, มังกรกัณฐ์, รับอาสา, รำลึก, วิรุญจำบัง, วิรุญมุข, ศรนาคบาศ, สมรภูมิ, หนุมาน, หายตัว, อาสา, อินทรชิต, เขาอังกาศ, เดินอากาศ, โอรส",20,9,0,"การรบ, การศึก, การแปร, ตัวพระ, ทำนาย, พระยา, พระลอ, รำลึก, อาสา",
การแสดงโขนเรื่องรามเกียรติ์ ตอน ศึกสัทธาสูร,"ขี่ม้า, ข่ายเพชร, ดินดาล, ต่อสู้, ทศกัณฐ์, พระราม, ฟองน้ำ, ภูเขา, วานรินทร์, วิรุญจำบัง, ศรพาลจันทร์, สัทธาสูร, หนุมาน, หลบหนี, อุบาย, เขาสัตภัณฑ์, เทวดา","การรบ, การศึก, การแปร, ขี่ม้า, ข่ายเพชร, ดินดาล, ต่อสู้, ทศกัณฐ์, ทอผ้า, พระยา, พระราม, ฟองน้ำ, ภูเขา, วานร, วานรินทร์, วิรุญจำบัง, ศรพาลจันทร์, สัทธาสูร, หนุมาน, หลบหนี, อุบาย, เขาสัตภัณฑ์, เทวดา",17,6,0,"การรบ, การศึก, การแปร, ทอผ้า, พระยา, วานร",
การแสดงโขนเรื่องรามเกียรติ์ ตอน สามจับ,"กุมภกรรณ, ต่อสู้, ต้นรัง, ถอยทัพ, สุครีพ, หนุมาน, หมดแรง, องคต, เอาชนะ","การแปร, กุมภกรรณ, ต่อสู้, ต้นรัง, ถอยทัพ, สุครีพ, หนุมาน, หมดแรง, องคต, อุบาย, เอาชนะ",9,2,0,"การแปร, อุบาย",
กินนรีร่อนออกมโนราห์บูชายัญ,"กระบวนท่ารำ, กินรี, มโนราห์, ละครชาตรี, สระอโนดาต, เล่นน้ำ","กระบวนท่ารำ, กินรี, ที่รัก, บูชายัญ, มโนราห์, ละครชาตรี, สระอโนดาต, เล่นน้ำ",6,2,0,"ที่รัก, บูชายัญ",
เมขลา รามสูร,"จำกาย, ดวงแก้ว, ตำนาน, นางฟ้า, มูลเหตุ, รามสูร, ฤดูฝน, วสันตฤดู, อสูร, เทพธิดา, เทพนิยาย, เทพบุตร, เทวดา, เมขลา","การเดินทาง, การไถ, จับนาง, ดวงแก้ว, ตำนาน, ทะเล, ธงไทย, นางฟ้า, มูลเหตุ, รามสูร, ฤดูฝน, วสันตฤดู, อสูร, เทพธิดา, เทพนิยาย, เทพบุตร, เทวดา, เมขลา",13,5,1,"การเดินทาง, การไถ, จับนาง, ทะเล, ธงไทย",จำกาย
รจนาเสี่ยงพวงมาลัย,"บุปเพสันนิวาส, พระสังข์, พวงมาลัย, รจนา, รูปทอง, รูปนอก, สวามี, สังข์ทอง, เจ้าหญิง, เจ้าเงาะ","นางใน, บุปเพสันนิวาส, พระลอ, พระสังข์, พวงมาลัย, รจนา, รูปทอง, รูปนอก, สวามี, สังข์ทอง, เจ้าหญิง, เจ้าเงาะ",10,2,0,"นางใน, พระลอ",
ระบำกฤดาภินิหาร,"ผู้แสดง, สวัสดิมงคล, เกียรติศักดิ์ไทย, เทพธิดา, เทพบุตร","กรมศิลปากร, การรบ, นางฟ้า, นางสีดา, ศุภลักษณ์, เกียรติศักดิ์ไทย, เทวดา",1,6,4,"กรมศิลปากร, การรบ, นางฟ้า, นางสีดา, ศุภลักษณ์, เทวดา","ผู้แสดง, สวัสดิมงคล, เทพธิดา, เทพบุตร"
ระบำกินรีร่อน,"กินรี, ผู้หญิง, สระอโนดาต, เขาไกรลาส, เล่นน้ำ","การรบ, กินรี, ผู้หญิง, สระอโนดาต, เขาไกรลาส, เล่นน้ำ",5,1,0,การรบ,
ระบำฉิ่ง,"ผู้แสดง, รัวฉิ่ง","ผู้แสดง, รัวฉิ่ง, เครื่องดนตรี",2,1,0,เครื่องดนตรี,
ระบำชุดไทยพระราชนิยม,"ฉลองพระองค์, พระบรมราชชนนีพับปีหลวง, ไทยจักรพรรดิ์, ไทยจักรี, ไทยจิตรลดา, ไทยดุสิต, ไทยบรมพิมาน, ไทยศิวาลัย, ไทยอมรินทร์, ไทยเรือนต้น","ฉลองพระองค์, พระบรมราชชนนีพับปีหลวง, พระยา, พระราม, พระลอ, มวยไทย, ไทยจักรพรรดิ์, ไทยจักรี, ไทยจิตรลดา, ไทยดุสิต, ไทยทรงดำ, ไทยบรมพิมาน, ไทยศิวาลัย, ไทยอมรินทร์, ไทยเรือนต้น",10,5,0,"พระยา, พระราม, พระลอ, มวยไทย, ไทยทรงดำ",
ระบำดาวดึงส์,"จับระบำ, ดาวดึงส์, ทิพยวิมาน, ผู้แสดง, พระอินทร์, ระบำมาตรฐาน, ละครดึกดำบรรพ์, สังข์ทอง, เทพธิดา, เทพบุตร","จับระบำ, ดาวดึงส์, ทิพยวิมาน, ผู้แสดง, พระลอ, พระอินทร์, ระบำมาตรฐาน, รำมาตรฐาน, ละครดึกดำบรรพ์, สังข์ทอง, เทพธิดา, เทพบุตร, แต่งกายยืนเครื่องพระ",10,3,0,"พระลอ, รำมาตรฐาน, แต่งกายยืนเครื่องพระ",
ระบำเทพบันเทิง,"ผู้แสดง, ระบำมาตรฐาน, ละครใน, องค์ปะตาระกาหลา, อิเหนา, เทพธิดา, เทพบุตร","ชาวนา, ผู้แสดง, ระบำมาตรฐาน, รำมาตรฐาน, ละครใน, องค์ปะตาระกาหลา, อิเหนา, เทพธิดา, เทพบุตร, แต่งกายยืนเครื่องพระ",7,3,0,"ชาวนา, รำมาตรฐาน, แต่งกายยืนเครื่องพระ",
ระบำนพรัตน์,"ทับทิม, บุษราคัม, ผู้แสดง, มรกต, อัญมณี, เพทาย, โกเมน, ไพฑูรย์","ทับทิม, บุษราคัม, ผู้แสดง, มรกต, อัญมณี, เพทาย, โกเมน, ไพฑูรย์",8,0,0,,
ระบำพรมมาสตร์,"กลยุทธ, กลางอากาศ, กองทัพ, การุณราช, ช้างเอราวัณ, ทศกัณฐ์, นางฟ้า, พรหมาสตร์, พระลักษมณ์, พระอินทร์, วานร, อินทรชิต, เทพบุตร, เทวดา, แปลงกาย, โอรส","กลยุทธ, กลางอากาศ, กองทัพ, การรบ, การศึก, การุณราช, ช้างเอราวัณ, ทศกัณฐ์, นางฟ้า, นางใน, พรหมาสตร์, พระลอ, พระลักษมณ์, พระอินทร์, รำลึก, วานร, สงคราม, สีน้ำเงิน, อินทรชิต, เทพบุตร, เทวดา, แปลงกาย, โอรส",16,7,0,"การรบ, การศึก, นางใน, พระลอ, รำลึก, สงคราม, สีน้ำเงิน",
ระบำย่องหงิด,"กระบวนท่ารำ, การแปร, จับระบำ, นางฟ้า, ละครใน, วาดรูป, ศุภลักษณ์, อาสา, อุณรุท, อุษา, เทพธิดา, เทพบุตร, เทวดา","กระบวนท่ารำ, การรบ, การแปร, งานรื่นเริง, จับระบำ, นางฟ้า, ละครใน, วาดรูป, ศุภลักษณ์, อาสา, อุณรุท, อุษา, เทพธิดา, เทพบุตร, เทวดา",13,2,0,"การรบ, งานรื่นเริง",
ระบำวิชนี,"นางใน, ผู้แสดง, ราชสำนัก, วิชนี, สภาพอากาศ, หญิงสาว","ความสำนึก, นางใน, ผู้แสดง, ราชสำนัก, วิชนี, สภาพอากาศ, สำนึก, หญิงสาว",6,2,0,"ความสำนึก, สำนึก",
ระบำศรีชยสิงห์,"กาญจนบุรี, จารึก, ดินแดน, นางอัปสราบายน, ปราสาทพระขรรค์, ปราสาทเมืองสิงห์, พระเจ้าชัยวรมัน, ภาพจำหลัก, แควน้อย","กาญจนบุรี, จารึก, ดินแดน, นางอัปสราบายน, ปราสาทพระขรรค์, ปราสาทเมืองสิงห์, พระเจ้าชัยวรมัน, ภาพจำหลัก, แควน้อย, แหล่งน้ำ",9,1,0,แหล่งน้ำ,
รำซัดชาตรี,"รำคู่, ละครชาตรี, ละครใน, เบิกโรง, ไหว้ครู","การรบ, ตารี, ที่รัก, ผู้แสดง, รำคู่, รำพัด, ละครชาตรี, ละครใน, เบิกโรง, ไหว้ครู",5,5,0,"การรบ, ตารี, ที่รัก, ผู้แสดง, รำพัด",
รำเบิกโรงดอกไม้เงินทอง,"ดอกไม้เงิน, ผู้แสดง, พระบาทสมเด็จพระจอมเกล้าเจ้าอยู่หัว, ละครใน, สวัสดิมงคล, เบิกโรง, แต่งกายยืนเครื่องพระ","ดอกไม้เงิน, ผู้แสดง, พระบาทสมเด็จพระจอมเกล้าเจ้าอยู่หัว, พระบาทสมเด็จพระจุลจอมเกล้าเจ้าอยู่หัว, พระยา, พระลอ, ละครใน, สวัสดิมงคล, เบิกโรง, แต่งกายยืนเครื่องพระ",7,3,0,"พระบาทสมเด็จพระจุลจอมเกล้าเจ้าอยู่หัว, พระยา, พระลอ",
รำประเลง,"ปิดหน้า, ผู้แสดง, รังควาญ, ละครใน, สวัสดิมงคล, หางนกยูง, อิทธิฤทธิ์, อุปสรรค, เทวดา, เบิกโรง, เพลงกลม, เพลงชำนาญ, เพลงหน้าพาทย์, เรื่องใหญ่, เสนียดจัญไร, แต่งกายยืนเครื่องพระ, โคมเวียน","การรบ, ปิดหน้า, ผู้แสดง, รังควาญ, ละครใน, สวัสดิมงคล, สิ่งศักดิ์สิทธิ์, หลงกล, หางนกยูง, อิทธิฤทธิ์, อุปสรรค, เทวดา, เบิกโรง, เพลงกลม, เพลงชำนาญ, เพลงหน้าพาทย์, เรื่องใหญ่, เสนียดจัญไร, แต่งกายยืนเครื่องพระ, โคมเวียน",17,3,0,"การรบ, สิ่งศักดิ์สิทธิ์, หลงกล",
รำฝรั่งคู่,"จีนรัว, จีนรำพัด, ตะเขิ่ง, ผู้แสดง, รำคู่, เจ้าเซ็น, เพลงฉิ่ง, เพลงฝรั่งรำเท้า, เพลงเร็ว","การรบ, จีนรัว, จีนรำพัด, ตะเขิ่ง, ผู้แสดง, รำคู่, รำพัด, เจ้าเซ็น, เพลงฉิ่ง, เพลงฝรั่งรำเท้า, เพลงเร็ว, แต่งกายยืนเครื่องพระ",9,3,0,"การรบ, รำพัด, แต่งกายยืนเครื่องพระ",
รำพลายชุมพล,"ขุนช้าง, ขุนแผน, พระไวย, พลายชุมพล, รำเดี่ยว, ออกรบ, เพลงมอญดูดาว, แก้แค้น, แตกทัพ","การรบ, การศึก, ขุนช้าง, ขุนแผน, ชุมพร, พระไวย, พลายชุมพล, รำเดี่ยว, ละครเสภา, ออกรบ, เพลงมอญดูดาว, แก้แค้น, แตกทัพ",9,4,0,"การรบ, การศึก, ชุมพร, ละครเสภา",
รำมโนห์ราบูชายัญ,"กองไฟ, บินหนี, บูชายัญ, ผู้หญิง, รำเดี่ยว, เขาไกรลาส","กองไฟ, การรบ, บินหนี, บูชายัญ, ผู้หญิง, เขาไกรลาส",5,1,1,การรบ,รำเดี่ยว
รำแม่บท,"กระบวนท่ารำ, รำมาตรฐาน, แม่บท","กระบวนท่ารำ, การรบ, การศึก, จารึก, ระบำมาตรฐาน, รำมาตรฐาน, ล้านนา, แต่งกายยืนเครื่องพระ, แม่บท",3,6,0,"การรบ, การศึก, จารึก, ระบำมาตรฐาน, ล้านนา, แต่งกายยืนเครื่องพระ",
หนุมานจับนางเบญกาย,"จับนาง, ทศกัณฐ์, นางสีดา, พระราม, มูลเหตุ, ยักษิณี, ลอยน้ำ, วานร, หนุมาน, หลบหนี, อุบาย, เบญกาย","การเกี้ยวพาราสี, การไถ, จับนาง, ทศกัณฐ์, นางสีดา, นางใน, พระยา, พระราม, มูลเหตุ, ยักษิณี, ลอยน้ำ, วานร, หนุมาน, หลบหนี, หายตัว, อุบาย, เบญกาย",12,5,0,"การเกี้ยวพาราสี, การไถ, นางใน, พระยา, หายตัว",
หนุมานจับนางสุพรรณมัจฉา,"กระบวนท่ารำ, กรุงลงกา, กองทัพ, การเกี้ยวพาราสี, ก้อนหิน, จับนาง, นางสีดา, บริวาร, ผู้หญิง, พระราม, มหาสมุทร, มูลเหตุ, วานร, สุพรรณมัจฉา, หนุมาน","กระบวนท่ารำ, กรุงลงกา, กองทัพ, การเกี้ยวพาราสี, การเดินทาง, การไถ, ก้อนหิน, จับนาง, ชาวนา, นางสีดา, บริวาร, ผู้หญิง, พระยา, พระราม, มหาสมุทร, มูลเหตุ, วานร, สัตว์น้ำ, สุพรรณมัจฉา, หนุมาน",15,5,0,"การเดินทาง, การไถ, ชาวนา, พระยา, สัตว์น้ำ",
ระบำเซียงแสน,"ปูนปั้น, พุทธศตวรรษ, ภาคเหนือ, ภาพจิตรกรรมฝาผนัง, ระบำโบราณคดี, โบราณสถาน","การปั้น, จิตรกรรม, ปูนปั้น, พุทธศตวรรษ, ภาคตะวันออกเฉียงเหนือ, ภาคเหนือ, ภาพจิตรกรรมฝาผนัง, มลายู, ระบำโบราณคดี, สี่ภาค, โบราณสถาน",6,5,0,"การปั้น, จิตรกรรม, ภาคตะวันออกเฉียงเหนือ, มลายู, สี่ภาค",
ระบำทวารวดี,"จิตรกรรม, ดินแดน, พุทธศตวรรษ, ระบำโบราณคดี, สมัยทวารวดี, เชื้อชาติ, โบราณวัตถุ","การดีด, จิตรกรรม, ดินแดน, นิสัย, พุทธศตวรรษ, ระบำโบราณคดี, สมัยทวารวดี, เชื้อชาติ, โบราณวัตถุ",7,2,0,"การดีด, นิสัย",
ระบำลพบุรี,"ดินแดน, ทับหลัง, นครราชสีมา, บุรีรัมย์, ปราสาทพนมรุ้ง, ปราสาทหินพิมาย, พุทธศตวรรษ, ภาพจำหลัก, ระบำโบราณคดี, สมัยลพบุรี, หน้าบัน","การรบ, ดินแดน, ทับหลัง, นครราชสีมา, บุรีรัมย์, ปราสาทพนมรุ้ง, ปราสาทหินพิมาย, พุทธศตวรรษ, ระบำโบราณคดี, สมัยลพบุรี, หน้าบัน",10,1,1,การรบ,ภาพจำหลัก
ระบำศรีวิชัย,"ชุมพร, ดินแดน, นครศรีธรรมราช, ปัตตานี, พุทธศตวรรษ, ระบำโบราณคดี, สมัยศรีวิชัย, หมู่เกาะ, หลักฐาน, อินโดนีเซีย, แหลมมลายู, โบราณวัตถุ","การรบ, ชุมพร, ดินแดน, นครศรีธรรมราช, ปัตตานี, พุทธศตวรรษ, มลายู, ระบำโบราณคดี, สมัยศรีวิชัย, หมู่เกาะ, หลักฐาน, อินโดนีเซีย, แหลมมลายู, โบราณวัตถุ",12,2,0,"การรบ, มลายู",
ระบำสุโขทัย,"ปางลีลา, ปูนปั้น, พระพุทธรูป, พุทธศตวรรษ, ระบำโบราณคดี, สมัยสุโขทัย, หล่อสำริด","การปั้น, งานประติมากรรม, ปางลีลา, ปูนปั้น, พระพุทธรูป, พุทธศตวรรษ, ระบำโบราณคดี, สมัยสุโขทัย, หล่อสำริด",7,2,0,"การปั้น, งานประติมากรรม",
ฉุยฉายทศกัณฐ์ลงสวน,"กรุงลงกา, ความภาคภูมิใจ, ทศกัณฐ์, นางสีดา, พวงมาลัย","กรุงลงกา, ความภาคภูมิใจ, ฉุยฉาย, ทศกัณฐ์, นางสีดา, พวงมาลัย, สะล้อ",5,2,0,"ฉุยฉาย, สะล้อ",
ฉุยฉายเบญกาย,"การยุติ, ความภาคภูมิใจ, ทศกัณฐ์, นางสีดา, พระราม, สงคราม, อุบาย, เบญกาย, แปลงกาย","การยุติ, ความภาคภูมิใจ, ฉุยฉาย, ทศกัณฐ์, นางสีดา, พระยา, พระราม, สงคราม, สีน้ำเงิน, อุบาย, เบญกาย, แปลงกาย",9,3,0,"ฉุยฉาย, พระยา, สีน้ำเงิน",
ฉุยฉายพราหมณ์,"พระคเณศ, พระนารายณ์, พระอิศวร, พระอุมา, มเหสี, เทพเจ้า, เบิกโรง, แปลงกาย","(ฮินดู, ฉุยฉาย, พระคเณศ, พระนารายณ์, พระยา, พระลอ, พระศิวะ, พระอิศวร, พระอุมา, พราหมณ์), มเหสี, สีทอง, เทพเจ้า, เบิกโรง, แปลงกาย",8,7,0,"(ฮินดู, ฉุยฉาย, พระยา, พระลอ, พระศิวะ, พราหมณ์), สีทอง",
ฉุยฉายยอพระกลิ่น,"ความภาคภูมิใจ, ฉุยฉาย, พระสวามี, มณีพิชัย, ยอพระกลิ่น, ละครนอก","การเดินทาง, ความภาคภูมิใจ, ฉุยฉาย, พระลอ, พระสวามี, มณีพิชัย, ยอพระกลิ่น, ละครนอก, ละครใน, สวามี",6,4,0,"การเดินทาง, พระลอ, ละครใน, สวามี",
ฉุยฉายวันทอง,"ขุนช้าง, ขุนแผน, ความภาคภูมิใจ, ความห่วงใย, บุตรชาย, พระไวย, มารดา, วันทอง, แปลงกาย","การศึก, ขุนช้าง, ขุนแผน, ความภาคภูมิใจ, ความห่วงใย, ฉุยฉาย, บุตรชาย, พระไวย, มารดา, วันทอง, สีน้ำเงิน, อุบาย, แปลงกาย",9,4,0,"การศึก, ฉุยฉาย, สีน้ำเงิน, อุบาย",
ฉุยฉายศูรปนขา,"ความภาคภูมิใจ, ทศกัณฐ์, น้องสาว, พระราม, ยักษิณี, ศูรปนขา, แปลงกาย","การเกี้ยวพาราสี, ความภาคภูมิใจ, ฉุยฉาย, ทศกัณฐ์, น้องสาว, พระยา, พระราม, ยักษิณี, ศูรปนขา, สีน้ำเงิน, แปลงกาย",7,4,0,"การเกี้ยวพาราสี, ฉุยฉาย, พระยา, สีน้ำเงิน",
ฉุยฉายหนุมานทรงเครื่อง,"ทศกัณฐ์, ทหารเอก, พระราม, วานร, หนุมาน, อุบาย","การรบ, การเดินทาง, ฉุยฉาย, ทศกัณฐ์, ทหารเอก, พระยา, พระราม, วานร, สงคราม, สีน้ำเงิน, หนุมาน, อุบาย",6,6,0,"การรบ, การเดินทาง, ฉุยฉาย, พระยา, สงคราม, สีน้ำเงิน",
ชุมนุมฉุยฉาย,"ความภาคภูมิใจ, ฉุยฉาย, ชุมนุม, ผู้แสดง","การรบ, ความภาคภูมิใจ, ฉุยฉาย, ชุมนุม, ผู้แสดง, พราหมณ์), พลลิง, แต่งกายยืนเครื่องพระ",4,4,0,"การรบ, พราหมณ์), พลลิง, แต่งกายยืนเครื่องพระ",
กราววีรชัยลิง,"กองทัพ, กิริยาอาการ, ความคล่องแคล่ว, ซุกซน, ท่าทาง, พระราม, วานร, สิบแปดมงกุฎ","กราววีรชัยลิง, กองทัพ, การรบ, กิริยาอาการ, ความคล่องแคล่ว, ความว่องไว, ซุกซน, ต่อสู้, ท่าทาง, พระยา, พระราม, วานร, สิบแปดมงกุฎ, สีน้ำเงิน",8,6,0,"กราววีรชัยลิง, การรบ, ความว่องไว, ต่อสู้, พระยา, สีน้ำเงิน",
